id,scenario,measured_at,elapsed_sec,delta_tasks,delta_wait_ms,avg_wait_per_commit_ms,commits_per_sec,theoretical_max_tps
1,동기모드_1G_NIC,2026-05-14 07:50:46.734,1,32012,15335,0.4790391103336249,32012,2087.5122269318554
2,동기모드_1G_NIC,2026-05-14 07:50:47.734,2,28075,15660,0.55779162956366879,28075,1792.7841634738186
3,동기모드_1G_NIC,2026-05-14 07:50:48.734,3,24433,16331,0.66839929603405235,24433,1496.1116894250199
4,동기모드_1G_NIC,2026-05-14 07:50:49.749,4,22631,16283,0.71949980115770407,22631,1389.8544494257815
5,동기모드_1G_NIC,2026-05-14 07:50:50.749,5,23196,16463,0.70973443697189176,23196,1408.9777075867096
6,동기모드_1G_NIC,2026-05-14 07:50:51.749,6,20468,16626,0.81229235880398676,20468,1231.0838445807769
7,동기모드_1G_NIC,2026-05-14 07:50:52.749,7,22300,16474,0.73874439461883412,22300,1353.6481728784752
8,동기모드_1G_NIC,2026-05-14 07:50:53.749,8,23142,16425,0.70974850920404464,23142,1408.9497716894975
9,동기모드_1G_NIC,2026-05-14 07:50:54.749,9,23168,16568,0.71512430939226523,23168,1398.3582810236601
10,동기모드_1G_NIC,2026-05-14 07:50:55.750,10,23129,16570,0.71641661982792171,23129,1395.835847917924
11,동기모드_1G_NIC,2026-05-14 07:50:56.750,11,22285,16210,0.72739510881759029,22285,1374.7686613201727
12,동기모드_1G_NIC,2026-05-14 07:50:57.765,12,23319,16388,0.70277456151636009,23319,1422.931413229192
13,동기모드_1G_NIC,2026-05-14 07:50:58.765,13,23101,16378,0.70897363750486997,23101,1410.4896812797654
14,동기모드_1G_NIC,2026-05-14 07:50:59.765,14,23130,16608,0.71802853437094682,23130,1392.7023121387283
15,동기모드_1G_NIC,2026-05-14 07:51:00.765,15,23364,16633,0.71190720766991955,23364,1404.6774484458606
16,동기모드_1G_NIC,2026-05-14 07:51:01.765,16,20189,16745,0.82941205607013724,20189,1205.6733353239772
17,동기모드_1G_NIC,2026-05-14 07:51:02.765,17,23351,16486,0.70600830799537495,23351,1416.4139269683367
18,동기모드_1G_NIC,2026-05-14 07:51:03.765,18,23092,16476,0.71349385068421967,23092,1401.5537751881525
19,동기모드_1G_NIC,2026-05-14 07:51:04.765,19,23073,16244,0.70402635114636158,23073,1420.4013789706969
20,동기모드_1G_NIC,2026-05-14 07:51:05.781,20,22759,16415,0.72125313062964103,22759,1386.4757843435882
21,동기모드_1G_NIC,2026-05-14 07:51:06.781,21,23080,16555,0.71728769497400346,23080,1394.1407429779522
22,동기모드_1G_NIC,2026-05-14 07:51:07.781,22,22670,16536,0.72942214380238202,22670,1370.9482341557814
23,동기모드_1G_NIC,2026-05-14 07:51:08.781,23,23211,16491,0.71048209900478221,23211,1407.4949972712388
24,동기모드_1G_NIC,2026-05-14 07:51:09.781,24,22903,16448,0.71815919311880538,22903,1392.4489299610896
25,동기모드_1G_NIC,2026-05-14 07:51:10.781,25,22879,16314,0.71305564054373005,22879,1402.415103592007
26,동기모드_1G_NIC,2026-05-14 07:51:11.781,26,21450,16789,0.7827039627039627,21450,1277.6222526654358
27,동기모드_1G_NIC,2026-05-14 07:51:12.781,27,23042,16605,0.72064056939501775,23042,1387.6543209876545
28,동기모드_1G_NIC,2026-05-14 07:51:13.796,28,23118,16401,0.70944718401245788,23118,1409.5481982805925
29,동기모드_1G_NIC,2026-05-14 07:51:14.796,29,22092,16498,0.74678616693825817,22092,1339.0714025942539
30,동기모드_1G_NIC,2026-05-14 07:51:15.796,30,22848,16428,0.71901260504201681,22848,1390.7962016070123
31,동기모드_1G_NIC,2026-05-14 07:51:16.796,31,21854,16590,0.75912876361306858,21854,1317.2995780590716
32,동기모드_1G_NIC,2026-05-14 07:51:17.796,32,22100,16368,0.74063348416289598,22100,1350.1955034213097
33,동기모드_1G_NIC,2026-05-14 07:51:18.796,33,23531,16630,0.70672729590752625,23531,1414.9729404690318
34,동기모드_1G_NIC,2026-05-14 07:51:19.796,34,22965,16650,0.72501632919660353,22965,1379.2792792792793
35,동기모드_1G_NIC,2026-05-14 07:51:20.796,35,15623,13993,0.89566664533060236,15623,1116.4868148359894
36,동기모드_1G_NIC,2026-05-14 07:51:21.796,36,22621,16446,0.72702356217673847,22621,1375.4712392071019
37,동기모드_1G_NIC,2026-05-14 07:51:22.812,37,22661,16638,0.73421296500595734,22661,1362.0026445486237
38,동기모드_1G_NIC,2026-05-14 07:51:23.812,38,22479,16636,0.74006850838560434,22479,1351.2262563116133
39,동기모드_1G_NIC,2026-05-14 07:51:24.812,39,22720,16322,0.71839788732394361,22720,1391.9862761916434
40,동기모드_1G_NIC,2026-05-14 07:51:25.812,40,22999,16522,0.71837905995912865,22999,1392.0227575354074
41,동기모드_1G_NIC,2026-05-14 07:51:26.812,41,22507,16459,0.73128360065757325,22507,1367.4585333252323
42,동기모드_1G_NIC,2026-05-14 07:51:27.812,42,22796,16457,0.72192489910510615,22796,1385.1856352919731
43,동기모드_1G_NIC,2026-05-14 07:51:28.812,43,22696,16527,0.72818998942544944,22696,1373.2679857203364
44,동기모드_1G_NIC,2026-05-14 07:51:29.827,44,23353,16626,0.71194279107609304,23353,1404.6072416696738
45,동기모드_1G_NIC,2026-05-14 07:51:30.827,45,23089,16755,0.725670232578284,23089,1378.0364070426738
46,동기모드_1G_NIC,2026-05-14 07:51:31.827,46,22206,16181,0.72867693416193824,22206,1372.3502873740806
47,동기모드_1G_NIC,2026-05-14 07:51:32.827,47,22858,16209,0.70911715810657105,22858,1410.2042075390214
48,동기모드_1G_NIC,2026-05-14 07:51:33.828,48,23308,16530,0.70919855843487212,23308,1410.042347247429
49,동기모드_1G_NIC,2026-05-14 07:51:34.827,49,23362,16527,0.70743087064463661,23362,1413.5656804017667
50,동기모드_1G_NIC,2026-05-14 07:51:35.827,50,23353,16674,0.71399820151586524,23353,1400.5637519491422
51,동기모드_1G_NIC,2026-05-14 07:51:36.827,51,23062,16505,0.71567947272569599,23062,1397.2735534686458
52,동기모드_1G_NIC,2026-05-14 07:51:37.843,52,22009,16441,0.74701258576037077,22009,1338.6655312937169
53,동기모드_1G_NIC,2026-05-14 07:51:38.843,53,22771,16508,0.72495718238109874,22771,1379.3918100315
54,동기모드_1G_NIC,2026-05-14 07:51:39.843,54,23054,16682,0.72360544807842453,23054,1381.9685888982137
55,동기모드_1G_NIC,2026-05-14 07:51:40.843,55,23110,16492,0.71363046300302901,23110,1401.2854717438759
56,동기모드_1G_NIC,2026-05-14 07:51:41.843,56,22490,16547,0.73574922187638947,22490,1359.1587598960537
57,동기모드_1G_NIC,2026-05-14 07:51:42.843,57,22816,16509,0.72357117812061711,22816,1382.0340420376765
58,동기모드_1G_NIC,2026-05-14 07:51:43.843,58,23135,16405,0.70909876810028094,23135,1410.2407802499238
59,동기모드_1G_NIC,2026-05-14 07:51:44.843,59,22886,16506,0.72122695097439482,22886,1386.5261117169514
60,동기모드_1G_NIC,2026-05-14 07:51:45.859,60,23396,16698,0.71371174559753803,23396,1401.1258833393222
61,동기모드_1G_NIC,2026-05-14 07:51:46.859,61,22673,16683,0.73580911215983769,22673,1359.0481328298267
62,동기모드_1G_NIC,2026-05-14 07:51:47.859,62,22736,16215,0.71318613652357499,22736,1402.1584952204748
63,동기모드_1G_NIC,2026-05-14 07:51:48.859,63,21486,16670,0.77585404449408912,21486,1288.9022195560888
64,동기모드_1G_NIC,2026-05-14 07:51:49.859,64,22754,16449,0.72290586270545842,22754,1383.305976047176
65,동기모드_1G_NIC,2026-05-14 07:51:50.859,65,22785,16232,0.71239850779021285,22785,1403.7087235091178
66,동기모드_1G_NIC,2026-05-14 07:51:51.859,66,22829,16572,0.72591878750711814,22829,1377.5645667390779
67,동기모드_1G_NIC,2026-05-14 07:51:52.874,67,23505,16696,0.71031695383960858,23505,1407.8222328701486
68,동기모드_1G_NIC,2026-05-14 07:51:53.874,68,22946,16695,0.72757779133618061,22946,1374.4234800838574
69,동기모드_1G_NIC,2026-05-14 07:51:54.874,69,21649,16423,0.75860316873758604,21649,1318.2122632892895
70,동기모드_1G_NIC,2026-05-14 07:51:55.874,70,22497,16319,0.72538560696981824,22497,1378.5771186959985
71,동기모드_1G_NIC,2026-05-14 07:51:56.875,71,23315,16530,0.70898563156766026,23315,1410.4658197217182
72,동기모드_1G_NIC,2026-05-14 07:51:57.874,72,23065,16324,0.70773899848254929,23065,1412.95025728988
73,동기모드_1G_NIC,2026-05-14 07:51:58.874,73,23085,16665,0.72189733593242367,23085,1385.2385238523852
74,동기모드_1G_NIC,2026-05-14 07:51:59.874,74,22956,16650,0.72530057501306844,22956,1378.7387387387389
75,동기모드_1G_NIC,2026-05-14 07:52:00.890,75,23107,16350,0.70757779028000178,23107,1413.2721712538225
76,동기모드_1G_NIC,2026-05-14 07:52:01.890,76,22731,16346,0.71910606660507681,22731,1390.6154410865042
77,동기모드_1G_NIC,2026-05-14 07:52:02.890,77,22484,16831,0.74857676570005338,22484,1335.868338185491
78,동기모드_1G_NIC,2026-05-14 07:52:03.890,78,23533,16681,0.70883440275358012,23533,1410.7667406030812
79,동기모드_1G_NIC,2026-05-14 07:52:04.890,79,23235,16544,0.71202926619324292,23235,1404.4366537717601
80,동기모드_1G_NIC,2026-05-14 07:52:05.890,80,22898,16367,0.71477858328238275,22898,1399.0346428789637
81,동기모드_1G_NIC,2026-05-14 07:52:06.890,81,22634,16291,0.71975788636564464,22634,1389.3560861825547
82,동기모드_1G_NIC,2026-05-14 07:52:07.890,82,22745,16496,0.72525829852714885,22745,1378.8191076624637
83,동기모드_1G_NIC,2026-05-14 07:52:08.890,83,22984,16599,0.72219805081796029,22984,1384.6617266100368
84,동기모드_1G_NIC,2026-05-14 07:52:09.905,84,22694,16643,0.73336564730765841,22694,1363.5762783152077
85,동기모드_1G_NIC,2026-05-14 07:52:10.905,85,23236,16556,0.71251506283353416,23236,1403.4791012321816
86,동기모드_1G_NIC,2026-05-14 07:52:11.905,86,22267,16252,0.7298693133336327,22267,1370.1082943637707
87,동기모드_1G_NIC,2026-05-14 07:52:12.905,87,22541,16297,0.72299365600461385,22541,1383.1380008590538
88,동기모드_1G_NIC,2026-05-14 07:52:13.906,88,22686,16550,0.72952481706779515,22686,1370.7552870090633
89,동기모드_1G_NIC,2026-05-14 07:52:14.906,89,23311,16450,0.70567543219939088,23311,1417.0820668693009
90,동기모드_1G_NIC,2026-05-14 07:52:15.905,90,23018,16563,0.71956729516030937,23018,1389.7240838012438
91,동기모드_1G_NIC,2026-05-14 07:52:16.905,91,23395,16626,0.7106646719384484,23395,1407.133405509443
92,동기모드_1G_NIC,2026-05-14 07:52:17.921,92,22744,16244,0.71421034118888493,22744,1400.1477468603794
93,동기모드_1G_NIC,2026-05-14 07:52:18.921,93,23073,16402,0.71087418194426388,23073,1406.7186928423362
94,동기모드_1G_NIC,2026-05-14 07:52:19.921,94,23337,16665,0.71410206967476542,23337,1400.3600360036003
95,동기모드_1G_NIC,2026-05-14 07:52:20.921,95,23453,16634,0.70924828380164584,23453,1409.9434892389083
96,동기모드_1G_NIC,2026-05-14 07:52:21.921,96,23009,16534,0.71858837846060242,23009,1391.6172734970364
97,동기모드_1G_NIC,2026-05-14 07:52:22.921,97,22958,16552,0.72096872549873681,22958,1387.0227162880619
98,동기모드_1G_NIC,2026-05-14 07:52:23.921,98,23285,16348,0.70208288597809754,23285,1424.3332517739173
99,동기모드_1G_NIC,2026-05-14 07:52:24.921,99,23320,16416,0.70394511149228134,23320,1420.5653021442495
100,동기모드_1G_NIC,2026-05-14 07:52:25.937,100,23391,16573,0.70852037108289512,23391,1411.3920231702166
101,동기모드_1G_NIC,2026-05-14 07:52:26.937,101,22969,16653,0.72502068004701992,22969,1379.2710022218218
102,동기모드_1G_NIC,2026-05-14 07:52:27.937,102,23439,16486,0.70335765177695297,23439,1421.7517893970642
103,동기모드_1G_NIC,2026-05-14 07:52:28.937,103,23529,16537,0.7028347996089932,23529,1422.8094575799721
104,동기모드_1G_NIC,2026-05-14 07:52:29.937,104,22951,16289,0.70972942355452917,22951,1408.9876603843086
105,동기모드_1G_NIC,2026-05-14 07:52:30.937,105,23446,16504,0.70391538002217857,23446,1420.6253029568591
106,동기모드_1G_NIC,2026-05-14 07:52:31.937,106,22413,16465,0.73461830187837418,22413,1361.2511387792285
107,동기모드_1G_NIC,2026-05-14 07:52:32.937,107,23430,16598,0.70840802390098168,23430,1411.6158573322086
108,동기모드_1G_NIC,2026-05-14 07:52:33.953,108,23217,16446,0.70836025326269547,23217,1411.7110543597228
109,동기모드_1G_NIC,2026-05-14 07:52:34.952,109,23387,16428,0.70244152734425103,23387,1423.6060384709035
110,동기모드_1G_NIC,2026-05-14 07:52:35.952,110,22779,16290,0.71513235875148162,22779,1398.342541436464
111,동기모드_1G_NIC,2026-05-14 07:52:36.952,111,22484,16224,0.72157979007294071,22484,1385.8481262327416
112,동기모드_1G_NIC,2026-05-14 07:52:37.952,112,23371,16613,0.71083821830473659,23371,1406.7898633600194
113,동기모드_1G_NIC,2026-05-14 07:52:38.952,113,23141,16617,0.71807614191262259,23141,1392.6099777336462
114,동기모드_1G_NIC,2026-05-14 07:52:39.953,114,23293,16473,0.70720817412956682,23293,1414.0108055606142
115,동기모드_1G_NIC,2026-05-14 07:52:40.952,115,23308,16404,0.70379268920542304,23308,1420.872957815167
116,동기모드_1G_NIC,2026-05-14 07:52:41.968,116,23294,16506,0.7085944878509487,23294,1411.2443959772204
117,동기모드_1G_NIC,2026-05-14 07:52:42.968,117,23255,16368,0.70384863470221459,23255,1420.7600195503421
118,동기모드_1G_NIC,2026-05-14 07:52:43.968,118,23419,16541,0.70630684486955031,23419,1415.8152469620943
119,동기모드_1G_NIC,2026-05-14 07:52:44.968,119,22860,16614,0.72677165354330708,22860,1375.9479956663056
120,동기모드_1G_NIC,2026-05-14 07:52:45.968,120,22726,16694,0.73457713631963395,22726,1361.3274230262368
121,동기모드_1G_NIC,2026-05-14 07:52:46.968,121,22730,16267,0.71566212054553457,22730,1397.3074322247494
122,동기모드_1G_NIC,2026-05-14 07:52:47.968,122,22887,16431,0.71791846899986889,22887,1392.9158298338507
123,동기모드_1G_NIC,2026-05-14 07:52:48.968,123,23173,16427,0.7088853406982264,23173,1410.6653679917208
124,동기모드_1G_NIC,2026-05-14 07:52:49.983,124,22535,16658,0.73920568005325049,22535,1352.803457798055
125,동기모드_1G_NIC,2026-05-14 07:52:50.983,125,23246,16513,0.71035877140153147,23246,1407.7393568703444
126,동기모드_1G_NIC,2026-05-14 07:52:51.984,126,23198,16530,0.71256142770928532,23198,1403.3877797943132
127,동기모드_1G_NIC,2026-05-14 07:52:52.983,127,23191,16438,0.70880945194256395,23191,1410.8164010220221
128,동기모드_1G_NIC,2026-05-14 07:52:53.983,128,22014,16661,0.75683655855364773,22014,1321.2892383410358
129,동기모드_1G_NIC,2026-05-14 07:52:54.984,129,23241,16599,0.71421195301406992,23241,1400.1445870233147
130,동기모드_1G_NIC,2026-05-14 07:52:55.983,130,22718,16601,0.73074214279426009,22718,1368.4717788085054
131,동기모드_1G_NIC,2026-05-14 07:52:56.983,131,23052,16633,0.72154259934062115,23052,1385.9195575061626
132,동기모드_1G_NIC,2026-05-14 07:52:57.999,132,22876,16508,0.72162965553418434,22876,1385.7523624909134
133,동기모드_1G_NIC,2026-05-14 07:52:58.999,133,22570,16610,0.73593265396544083,22570,1358.8199879590609
134,동기모드_1G_NIC,2026-05-14 07:52:59.999,134,23347,16500,0.70672891592067499,23347,1414.969696969697
135,동기모드_1G_NIC,2026-05-14 07:53:00.999,135,23239,16612,0.71483282413184734,23239,1398.9284854322177
136,동기모드_1G_NIC,2026-05-14 07:53:01.999,136,22803,16509,0.72398368635705823,22803,1381.2465927675814
137,동기모드_1G_NIC,2026-05-14 07:53:02.999,137,22866,16385,0.71656608064375049,22866,1395.5447055233446
138,동기모드_1G_NIC,2026-05-14 07:53:03.999,138,22953,16274,0.70901407223456625,22953,1410.4092417352833
139,동기모드_1G_NIC,2026-05-14 07:53:04.999,139,23298,16440,0.70563996909605975,23298,1417.1532846715329
140,동기모드_1G_NIC,2026-05-14 07:53:05.999,140,23348,16529,0.70794072297413058,23348,1412.547643535604
141,동기모드_1G_NIC,2026-05-14 07:53:07.015,142,23146,16431,0.7098850773351767,23146,1408.6787170592174
142,동기모드_1G_NIC,2026-05-14 07:53:08.015,143,22770,16534,0.72613087395696096,22770,1377.1622112011612
143,동기모드_1G_NIC,2026-05-14 07:53:09.015,144,23326,16724,0.71696819000257228,23326,1394.7620186558238
144,동기모드_1G_NIC,2026-05-14 07:53:10.015,145,22802,16494,0.72335760021050788,22802,1382.4421001576329
145,동기모드_1G_NIC,2026-05-14 07:53:11.015,146,22461,16317,0.72645919593962871,22461,1376.5398051112336
146,동기모드_1G_NIC,2026-05-14 07:53:12.015,147,23167,16532,0.71360124314758056,23167,1401.3428502298573
147,동기모드_1G_NIC,2026-05-14 07:53:13.015,148,22855,16279,0.71227302559614969,22855,1403.9560169543583
148,동기모드_1G_NIC,2026-05-14 07:53:14.030,149,22872,16599,0.72573452256033577,22872,1377.9143321886861
149,동기모드_1G_NIC,2026-05-14 07:53:15.030,150,23035,16289,0.70714130670718467,23035,1414.1445147031741
150,동기모드_1G_NIC,2026-05-14 07:53:16.030,151,23284,16400,0.70434633224531873,23284,1419.7560975609756
151,동기모드_1G_NIC,2026-05-14 07:53:17.031,152,22834,16475,0.72151178067793642,22834,1385.97875569044
152,동기모드_1G_NIC,2026-05-14 07:53:18.031,153,22457,16639,0.74092710513425653,22457,1349.6604363242984
153,동기모드_1G_NIC,2026-05-14 07:53:19.030,154,23161,16629,0.71797418073485597,23161,1392.807745504841
154,동기모드_1G_NIC,2026-05-14 07:53:20.030,155,23134,16429,0.71016685398115331,23134,1408.1197881794387
155,동기모드_1G_NIC,2026-05-14 07:53:21.031,156,22456,16533,0.73623975774848593,22456,1358.2531905885198
156,동기모드_1G_NIC,2026-05-14 07:53:22.030,157,22200,16513,0.74382882882882884,22200,1344.3953248955368
157,동기모드_1G_NIC,2026-05-14 07:53:23.046,158,22729,16269,0.71578160059835449,22729,1397.0741901776385
158,동기모드_1G_NIC,2026-05-14 07:53:24.046,159,23452,16686,0.71149582125191879,23452,1405.489632026849
159,동기모드_1G_NIC,2026-05-14 07:53:25.046,160,23341,16621,0.7120945974893963,23341,1404.3078033812646
160,동기모드_1G_NIC,2026-05-14 07:53:26.046,161,22757,16583,0.72869886188864963,22757,1372.3089911355003
161,동기모드_1G_NIC,2026-05-14 07:53:27.046,162,22275,16252,0.7296071829405163,22275,1370.6005414718188
162,동기모드_1G_NIC,2026-05-14 07:53:28.062,163,23419,16453,0.70254921217814592,23419,1423.3878320063211
163,동기모드_1G_NIC,2026-05-14 07:53:29.062,164,22909,16536,0.72181238814439741,22909,1385.4015481373972
164,동기모드_1G_NIC,2026-05-14 07:53:30.062,165,23280,16539,0.71043814432989694,23280,1407.5820787230182
165,동기모드_1G_NIC,2026-05-14 07:53:31.062,166,23367,16567,0.70899131253477121,23367,1410.4545180177463
166,동기모드_1G_NIC,2026-05-14 07:53:32.062,167,22885,16430,0.71793751365523273,22885,1392.8788800973828
167,동기모드_1G_NIC,2026-05-14 07:53:33.062,168,23051,16408,0.7118129365320377,23051,1404.8634812286689
168,동기모드_1G_NIC,2026-05-14 07:53:34.061,169,22939,16354,0.71293430402371505,22939,1402.6537850067261
169,동기모드_1G_NIC,2026-05-14 07:53:35.061,170,23070,16584,0.71885565669700913,23070,1391.0998552821998
170,동기모드_1G_NIC,2026-05-14 07:53:36.077,171,22956,16567,0.72168496253702741,22956,1385.6461640610853
171,동기모드_1G_NIC,2026-05-14 07:53:37.077,172,22452,16653,0.74171566007482626,22452,1348.2255449468564
172,동기모드_1G_NIC,2026-05-14 07:53:38.077,173,23120,16472,0.71245674740484433,23120,1403.5939776590578
173,동기모드_1G_NIC,2026-05-14 07:53:39.077,174,22301,16509,0.74028070490112552,22301,1350.8389363377551
174,동기모드_1G_NIC,2026-05-14 07:53:40.077,175,23041,16473,0.71494292782431323,23041,1398.7130455897529
175,동기모드_1G_NIC,2026-05-14 07:53:41.077,176,23383,16638,0.71154257366462814,23383,1405.3972833273231
176,동기모드_1G_NIC,2026-05-14 07:53:42.077,177,23197,16531,0.71263525455877919,23197,1403.2423930796685
177,동기모드_1G_NIC,2026-05-14 07:53:43.077,178,23212,16409,0.70691883508530073,23212,1414.5895545127673
178,동기모드_1G_NIC,2026-05-14 07:53:44.093,179,22915,16550,0.72223434431595024,22915,1384.5921450151059
179,동기모드_1G_NIC,2026-05-14 07:53:45.093,180,23219,16483,0.70989276023945902,23219,1408.6634714554391
180,동기모드_1G_NIC,2026-05-14 07:53:46.093,181,23260,16475,0.70829750644883915,23260,1411.836115326252
181,동기모드_1G_NIC,2026-05-14 07:53:47.093,182,23050,16630,0.72147505422993496,23050,1386.0493084786528
182,동기모드_1G_NIC,2026-05-14 07:53:48.093,183,22663,16534,0.72955919339893216,22663,1370.6906979557277
183,동기모드_1G_NIC,2026-05-14 07:53:49.093,184,20410,16576,0.81215090641842236,20410,1231.2982625482625
184,동기모드_1G_NIC,2026-05-14 07:53:50.093,185,22873,16532,0.72277357583176671,22873,1383.5591579966126
185,동기모드_1G_NIC,2026-05-14 07:53:51.093,186,23030,16380,0.71124620060790278,23030,1405.982905982906
186,동기모드_1G_NIC,2026-05-14 07:53:52.108,187,22732,16319,0.71788667957064933,22732,1392.977510876892
187,동기모드_1G_NIC,2026-05-14 07:53:53.108,188,23350,16493,0.70633832976445399,23350,1415.752137270357
188,동기모드_1G_NIC,2026-05-14 07:53:54.108,189,23572,16642,0.70600712709994906,23572,1416.4162961182551
189,동기모드_1G_NIC,2026-05-14 07:53:55.108,190,23139,16390,0.70832793119840964,23139,1411.7754728492982
190,동기모드_1G_NIC,2026-05-14 07:53:56.108,191,23020,16452,0.71468288444830586,23020,1399.2219790906879
191,동기모드_1G_NIC,2026-05-14 07:53:57.108,192,22779,16387,0.71939066684226705,22779,1390.0652956611948
192,동기모드_1G_NIC,2026-05-14 07:53:58.108,193,23379,16646,0.71200650156123013,23379,1404.4815571308422
193,동기모드_1G_NIC,2026-05-14 07:53:59.109,194,23298,16625,0.71358056485535237,23298,1401.3834586466166
194,동기모드_1G_NIC,2026-05-14 07:54:00.108,195,23066,16437,0.71260730078904011,23066,1403.29743870536
195,동기모드_1G_NIC,2026-05-14 07:54:01.124,196,22970,16329,0.71088376142794951,22970,1406.6997366648295
196,동기모드_1G_NIC,2026-05-14 07:54:02.124,197,22803,16378,0.71823882822435647,22803,1392.2945414580533
197,동기모드_1G_NIC,2026-05-14 07:54:03.124,198,23076,16384,0.71000173340266948,23076,1408.447265625
198,동기모드_1G_NIC,2026-05-14 07:54:04.124,199,23495,16582,0.70576718450734199,23495,1416.8978410324448
199,동기모드_1G_NIC,2026-05-14 07:54:05.124,200,23318,16487,0.70705034737112959,23318,1414.3264390125553
200,동기모드_1G_NIC,2026-05-14 07:54:06.140,201,17211,14985,0.87066411016210565,17211,1148.5485485485485
201,동기모드_1G_NIC,2026-05-14 07:54:07.139,202,21129,15513,0.73420417435751806,21129,1362.0189518468383
202,동기모드_1G_NIC,2026-05-14 07:54:08.140,203,23224,16435,0.70767309679641754,23224,1413.0818375418314
203,동기모드_1G_NIC,2026-05-14 07:54:09.139,204,23138,16483,0.7123779064741983,23138,1403.7493174786143
204,동기모드_1G_NIC,2026-05-14 07:54:10.139,205,23452,16656,0.71021661265563707,23452,1408.0211335254562
205,동기모드_1G_NIC,2026-05-14 07:54:11.140,206,22331,16417,0.73516636066454699,22331,1360.2363403788756
206,동기모드_1G_NIC,2026-05-14 07:54:12.140,207,22403,16742,0.74731062804088733,22403,1338.1316449647593
207,동기모드_1G_NIC,2026-05-14 07:54:13.140,208,23113,16432,0.71094189417211096,23113,1406.5847127555987
208,동기모드_1G_NIC,2026-05-14 07:54:14.155,209,22981,16342,0.71110917714633826,22981,1406.2538245012852
209,동기모드_1G_NIC,2026-05-14 07:54:15.155,210,23102,16511,0.71470002597177729,23102,1399.1884198413179
210,동기모드_1G_NIC,2026-05-14 07:54:16.155,211,22830,16696,0.73131844064826979,22830,1367.3933876377575
211,동기모드_1G_NIC,2026-05-14 07:54:17.155,212,22924,16586,0.72352120048857094,22924,1382.1295068129748
212,동기모드_1G_NIC,2026-05-14 07:54:18.155,213,23228,16430,0.70733597382469438,23228,1413.7553256238587
213,동기모드_1G_NIC,2026-05-14 07:54:19.155,214,23062,16226,0.70358164946665513,23062,1421.2991495131271
214,동기모드_1G_NIC,2026-05-14 07:54:20.155,215,22645,16361,0.72249944800176635,22645,1384.0841024387264
215,동기모드_1G_NIC,2026-05-14 07:54:21.155,216,22529,16442,0.72981490523325487,22529,1370.2104366865346
216,동기모드_1G_NIC,2026-05-14 07:54:22.155,217,22965,16597,0.72270846940997169,22965,1383.683798276797
217,동기모드_1G_NIC,2026-05-14 07:54:23.171,218,23135,16550,0.71536632807434619,23135,1397.8851963746224
218,동기모드_1G_NIC,2026-05-14 07:54:24.171,219,22833,16476,0.72158717645513071,22833,1385.8339402767663
219,동기모드_1G_NIC,2026-05-14 07:54:25.171,220,22790,16292,0.71487494515138217,22790,1398.8460594156641
220,동기모드_1G_NIC,2026-05-14 07:54:26.171,221,22968,16358,0.71220828979449669,22968,1404.0836288054775
221,동기모드_1G_NIC,2026-05-14 07:54:27.171,222,22347,16460,0.73656419206157431,22347,1357.654921020656
222,동기모드_1G_NIC,2026-05-14 07:54:28.171,223,22925,16305,0.71123227917121046,22925,1406.0104262496168
223,동기모드_1G_NIC,2026-05-14 07:54:29.171,224,22451,16723,0.74486659836978308,22451,1342.5222747114751
224,동기모드_1G_NIC,2026-05-14 07:54:30.186,225,22707,16488,0.726119698771304,22707,1377.1834061135371
225,동기모드_1G_NIC,2026-05-14 07:54:31.186,226,22535,16307,0.72362990903039714,22535,1381.9218740418225
226,동기모드_1G_NIC,2026-05-14 07:54:32.186,227,21781,16711,0.76722831825903315,21781,1303.3929746873316
227,동기모드_1G_NIC,2026-05-14 07:54:33.186,228,23376,16502,0.7059377138945927,23376,1416.5555690219369
228,동기모드_1G_NIC,2026-05-14 07:54:34.186,229,23401,16597,0.70924319473526776,23401,1409.9536060733867
229,동기모드_1G_NIC,2026-05-14 07:54:35.187,230,23020,16528,0.71798436142484801,23020,1392.7879961277831
230,동기모드_1G_NIC,2026-05-14 07:54:36.187,231,22665,16463,0.72636223251709686,22665,1376.7235619267449
231,동기모드_1G_NIC,2026-05-14 07:54:37.187,232,22782,16105,0.70691774207707836,22782,1414.5917416951258
232,동기모드_1G_NIC,2026-05-14 07:54:38.202,233,22366,16488,0.73719037825270495,22366,1356.501698204755
233,동기모드_1G_NIC,2026-05-14 07:54:39.202,234,22644,16597,0.73295354177707117,22644,1364.3429535458215
234,동기모드_1G_NIC,2026-05-14 07:54:40.202,235,23293,16561,0.71098613317305626,23293,1406.4971921985389
235,동기모드_1G_NIC,2026-05-14 07:54:41.202,236,23307,16509,0.70832797013772686,23307,1411.7753952389605
236,동기모드_1G_NIC,2026-05-14 07:54:42.202,237,22663,16391,0.72324934915942285,22663,1382.6490147031907
237,동기모드_1G_NIC,2026-05-14 07:54:43.202,238,22818,16572,0.72626873520904545,22818,1376.9007965242579
238,동기모드_1G_NIC,2026-05-14 07:54:44.202,239,23173,16521,0.71294178569887368,23173,1402.6390654318745
239,동기모드_1G_NIC,2026-05-14 07:54:45.202,240,23257,16598,0.71367760244227541,23257,1401.1929148090132
240,동기모드_1G_NIC,2026-05-14 07:54:46.218,241,23513,16649,0.70807638327733591,23513,1412.2770136344525
241,동기모드_1G_NIC,2026-05-14 07:54:47.218,242,22351,16475,0.737103485302671,22351,1356.6616084977238
242,동기모드_1G_NIC,2026-05-14 07:54:48.218,243,22435,16594,0.73964787162915091,22435,1351.9946968783897
243,동기모드_1G_NIC,2026-05-14 07:54:49.218,244,23275,16569,0.71187969924812033,23275,1404.7317279256442
244,동기모드_1G_NIC,2026-05-14 07:54:50.218,245,23094,16338,0.7074564822031697,23094,1413.5145060594932
245,동기모드_1G_NIC,2026-05-14 07:54:51.218,246,23047,16732,0.72599470646938868,23047,1377.4205115945492
246,동기모드_1G_NIC,2026-05-14 07:54:52.218,247,21614,16733,0.77417414638660131,21614,1291.6990378294388
247,동기모드_1G_NIC,2026-05-14 07:54:53.218,248,22916,16412,0.71618083435154478,22916,1396.2953936144283
248,동기모드_1G_NIC,2026-05-14 07:54:54.233,249,22858,16424,0.71852305538542305,22858,1391.7437895762298
249,동기모드_1G_NIC,2026-05-14 07:54:55.233,250,23403,16489,0.70456779045421525,23403,1419.3098429255867
250,동기모드_1G_NIC,2026-05-14 07:54:56.233,251,23111,16691,0.722210202933668,23111,1384.6384278952728
251,동기모드_1G_NIC,2026-05-14 07:54:57.234,252,22655,16650,0.73493709997792978,22655,1360.6606606606608
252,동기모드_1G_NIC,2026-05-14 07:54:58.234,253,23370,16581,0.70949935815147624,23370,1409.4445449611001
253,동기모드_1G_NIC,2026-05-14 07:54:59.233,254,22258,16330,0.73366879324287892,22258,1363.0128597672995
254,동기모드_1G_NIC,2026-05-14 07:55:00.233,255,23009,16211,0.70455039332435132,23009,1419.344889272716
255,동기모드_1G_NIC,2026-05-14 07:55:01.233,256,21743,16496,0.75868095479004738,21743,1318.0771096023279
256,동기모드_1G_NIC,2026-05-14 07:55:02.249,257,22708,16567,0.72956667253831253,22708,1370.6766463451438
257,동기모드_1G_NIC,2026-05-14 07:55:03.249,258,23342,16723,0.71643389598149254,23342,1395.8021886025235
258,동기모드_1G_NIC,2026-05-14 07:55:04.249,259,23414,16599,0.70893482531818575,23414,1410.5669016205795
259,동기모드_1G_NIC,2026-05-14 07:55:05.249,260,21810,16596,0.76093535075653373,21810,1314.1720896601589
260,동기모드_1G_NIC,2026-05-14 07:55:06.249,261,22286,16534,0.74190074486224533,22286,1347.8891980162091
261,동기모드_1G_NIC,2026-05-14 07:55:07.250,262,23100,16453,0.71225108225108225,23100,1403.9992706497296
262,동기모드_1G_NIC,2026-05-14 07:55:08.249,263,23348,16703,0.71539318142881614,23348,1397.8327246602407
263,동기모드_1G_NIC,2026-05-14 07:55:09.249,264,22529,16648,0.73895867548493055,22529,1353.2556463238827
264,동기모드_1G_NIC,2026-05-14 07:55:10.264,265,22082,16378,0.74169006430576945,22082,1348.272072292099
265,동기모드_1G_NIC,2026-05-14 07:55:11.264,266,23128,16331,0.70611380145278446,23128,1416.2023146163738
266,동기모드_1G_NIC,2026-05-14 07:55:12.264,267,22917,16350,0.71344416808482791,22917,1401.6513761467888
267,동기모드_1G_NIC,2026-05-14 07:55:13.264,268,21901,16579,0.75699739737911509,21901,1321.0085047349057
268,동기모드_1G_NIC,2026-05-14 07:55:14.265,269,22621,16528,0.73064851244418905,22621,1368.6471442400773
269,동기모드_1G_NIC,2026-05-14 07:55:15.265,270,23120,16455,0.71172145328719727,23120,1405.0440595563657
270,동기모드_1G_NIC,2026-05-14 07:55:16.264,271,22462,16322,0.7266494524085122,22462,1376.179389780664
271,동기모드_1G_NIC,2026-05-14 07:55:17.264,272,22859,16441,0.71923531213088931,22859,1390.3655495407822
272,동기모드_1G_NIC,2026-05-14 07:55:18.280,273,22771,16264,0.71424179877914895,22771,1400.0860796851941
273,동기모드_1G_NIC,2026-05-14 07:55:19.280,274,22838,16572,0.72563271740082314,22838,1378.1076514602946
274,동기모드_1G_NIC,2026-05-14 07:55:20.280,275,23301,16534,0.70958327968756707,23301,1409.2778516995281
275,동기모드_1G_NIC,2026-05-14 07:55:21.280,276,23326,16625,0.71272399897110517,23326,1403.0676691729325
276,동기모드_1G_NIC,2026-05-14 07:55:22.280,277,23091,16480,0.71369797756701747,23091,1401.1529126213593
277,동기모드_1G_NIC,2026-05-14 07:55:23.280,278,21618,16576,0.76676843371264691,21618,1304.1747104247104
278,동기모드_1G_NIC,2026-05-14 07:55:24.280,279,23319,16530,0.7088640164672585,23319,1410.7078039927403
279,동기모드_1G_NIC,2026-05-14 07:55:25.296,280,23283,16580,0.71210754627840056,23283,1404.282267792521
280,동기모드_1G_NIC,2026-05-14 07:55:26.296,281,23382,16587,0.7093918398768283,23382,1409.6581660336408
281,동기모드_1G_NIC,2026-05-14 07:55:27.296,282,22838,16390,0.71766354321744463,22838,1393.4106162294081
282,동기모드_1G_NIC,2026-05-14 07:55:28.296,283,21938,16542,0.75403409608897798,21938,1326.1999758191271
283,동기모드_1G_NIC,2026-05-14 07:55:29.296,284,22961,16215,0.70619746526719218,22961,1416.0345359235275
284,동기모드_1G_NIC,2026-05-14 07:55:30.296,285,23101,16496,0.71408164148738151,23101,1400.4000969932104
285,동기모드_1G_NIC,2026-05-14 07:55:31.296,286,23398,16596,0.70929139242670314,23398,1409.8577970595325
286,동기모드_1G_NIC,2026-05-14 07:55:32.296,287,22484,16359,0.72758405977584062,22484,1374.4116388532307
287,동기모드_1G_NIC,2026-05-14 07:55:33.311,288,22073,16705,0.75680695872785753,22073,1321.3409158934451
288,동기모드_1G_NIC,2026-05-14 07:55:34.311,289,23143,16276,0.70327960938512724,23143,1421.9095600884739
289,동기모드_1G_NIC,2026-05-14 07:55:35.312,290,23019,16235,0.70528693687823107,23019,1417.8626424391746
290,동기모드_1G_NIC,2026-05-14 07:55:36.311,291,22985,16289,0.70867957363497935,22985,1411.0749585609919
291,동기모드_1G_NIC,2026-05-14 07:55:37.311,292,22424,16621,0.74121476988940416,22424,1349.1366343781963
292,동기모드_1G_NIC,2026-05-14 07:55:38.311,293,23428,16666,0.71137100904900119,23428,1405.7362294491779
293,동기모드_1G_NIC,2026-05-14 07:55:39.312,294,23182,16418,0.70822189629885257,23182,1411.9868437081252
294,동기모드_1G_NIC,2026-05-14 07:55:40.311,295,23109,16363,0.70807910337963564,23109,1412.2715883395465
295,동기모드_1G_NIC,2026-05-14 07:55:41.327,296,22682,16470,0.7261264438762014,22682,1377.1706132361869
296,동기모드_1G_NIC,2026-05-14 07:55:42.327,297,22649,16512,0.72903880966047063,22649,1371.669089147287
297,동기모드_1G_NIC,2026-05-14 07:55:43.327,298,16166,14197,0.87820116293455397,16166,1138.6912728041136
298,동기모드_1G_NIC,2026-05-14 07:55:44.327,299,23298,16470,0.70692763327324237,23298,1414.5719489981784
299,동기모드_1G_NIC,2026-05-14 07:55:45.327,300,23393,16494,0.70508271705210956,23393,1418.2733115072149
300,비동기모드_1G_NIC,2026-05-14 08:04:40.325,1,0,0,0,0,
301,비동기모드_1G_NIC,2026-05-14 08:04:41.325,2,0,0,0,0,
302,비동기모드_1G_NIC,2026-05-14 08:04:42.325,3,0,0,0,0,
303,비동기모드_1G_NIC,2026-05-14 08:04:43.326,4,0,0,0,0,
304,비동기모드_1G_NIC,2026-05-14 08:04:44.325,5,0,0,0,0,
305,비동기모드_1G_NIC,2026-05-14 08:04:45.341,6,0,0,0,0,
306,비동기모드_1G_NIC,2026-05-14 08:04:46.341,7,0,0,0,0,
307,비동기모드_1G_NIC,2026-05-14 08:04:47.341,8,0,0,0,0,
308,비동기모드_1G_NIC,2026-05-14 08:04:48.341,9,0,0,0,0,
309,비동기모드_1G_NIC,2026-05-14 08:04:49.341,10,0,0,0,0,
310,비동기모드_1G_NIC,2026-05-14 08:04:50.357,11,0,0,0,0,
311,비동기모드_1G_NIC,2026-05-14 08:04:51.357,12,0,0,0,0,
312,비동기모드_1G_NIC,2026-05-14 08:04:52.357,13,0,0,0,0,
313,비동기모드_1G_NIC,2026-05-14 08:04:53.357,14,0,0,0,0,
314,비동기모드_1G_NIC,2026-05-14 08:04:54.357,15,0,0,0,0,
315,비동기모드_1G_NIC,2026-05-14 08:04:55.357,16,0,0,0,0,
316,비동기모드_1G_NIC,2026-05-14 08:04:56.357,17,0,0,0,0,
317,비동기모드_1G_NIC,2026-05-14 08:04:57.357,18,0,0,0,0,
318,비동기모드_1G_NIC,2026-05-14 08:04:58.373,19,0,0,0,0,
319,비동기모드_1G_NIC,2026-05-14 08:04:59.372,20,0,0,0,0,
320,비동기모드_1G_NIC,2026-05-14 08:05:00.372,21,0,0,0,0,
321,비동기모드_1G_NIC,2026-05-14 08:05:01.372,22,0,0,0,0,
322,비동기모드_1G_NIC,2026-05-14 08:05:02.372,23,0,0,0,0,
323,비동기모드_1G_NIC,2026-05-14 08:05:03.388,24,0,0,0,0,
324,비동기모드_1G_NIC,2026-05-14 08:05:04.388,25,0,0,0,0,
325,비동기모드_1G_NIC,2026-05-14 08:05:05.388,26,0,0,0,0,
326,비동기모드_1G_NIC,2026-05-14 08:05:06.388,27,0,0,0,0,
327,비동기모드_1G_NIC,2026-05-14 08:05:07.388,28,0,0,0,0,
328,비동기모드_1G_NIC,2026-05-14 08:05:08.388,29,0,0,0,0,
329,비동기모드_1G_NIC,2026-05-14 08:05:09.388,30,0,0,0,0,
330,비동기모드_1G_NIC,2026-05-14 08:05:10.403,31,0,0,0,0,
331,비동기모드_1G_NIC,2026-05-14 08:05:11.419,32,0,0,0,0,
332,비동기모드_1G_NIC,2026-05-14 08:05:12.420,33,0,0,0,0,
333,비동기모드_1G_NIC,2026-05-14 08:05:13.419,34,0,0,0,0,
334,비동기모드_1G_NIC,2026-05-14 08:05:14.419,35,0,0,0,0,
335,비동기모드_1G_NIC,2026-05-14 08:05:15.435,36,0,0,0,0,
336,비동기모드_1G_NIC,2026-05-14 08:05:16.435,37,0,0,0,0,
337,비동기모드_1G_NIC,2026-05-14 08:05:17.435,38,0,0,0,0,
338,비동기모드_1G_NIC,2026-05-14 08:05:18.435,39,0,0,0,0,
339,비동기모드_1G_NIC,2026-05-14 08:05:19.435,40,0,0,0,0,
340,비동기모드_1G_NIC,2026-05-14 08:05:20.435,41,0,0,0,0,
341,비동기모드_1G_NIC,2026-05-14 08:05:21.450,42,0,0,0,0,
342,비동기모드_1G_NIC,2026-05-14 08:05:22.450,43,0,0,0,0,
343,비동기모드_1G_NIC,2026-05-14 08:05:23.451,44,0,0,0,0,
344,비동기모드_1G_NIC,2026-05-14 08:05:24.450,45,0,0,0,0,
345,비동기모드_1G_NIC,2026-05-14 08:05:25.450,46,0,0,0,0,
346,비동기모드_1G_NIC,2026-05-14 08:05:26.450,47,0,0,0,0,
347,비동기모드_1G_NIC,2026-05-14 08:05:27.466,48,0,0,0,0,
348,비동기모드_1G_NIC,2026-05-14 08:05:28.466,49,0,0,0,0,
349,비동기모드_1G_NIC,2026-05-14 08:05:29.466,50,0,0,0,0,
350,비동기모드_1G_NIC,2026-05-14 08:05:30.466,51,0,0,0,0,
351,비동기모드_1G_NIC,2026-05-14 08:05:31.481,52,0,0,0,0,
352,비동기모드_1G_NIC,2026-05-14 08:05:32.481,53,0,0,0,0,
353,비동기모드_1G_NIC,2026-05-14 08:05:33.482,54,0,0,0,0,
354,비동기모드_1G_NIC,2026-05-14 08:05:34.482,55,0,0,0,0,
355,비동기모드_1G_NIC,2026-05-14 08:05:35.481,56,0,0,0,0,
356,비동기모드_1G_NIC,2026-05-14 08:05:36.481,57,0,0,0,0,
357,비동기모드_1G_NIC,2026-05-14 08:05:37.482,58,0,0,0,0,
358,비동기모드_1G_NIC,2026-05-14 08:05:38.481,59,0,0,0,0,
359,비동기모드_1G_NIC,2026-05-14 08:05:39.497,60,0,0,0,0,
360,비동기모드_1G_NIC,2026-05-14 08:05:40.497,61,0,0,0,0,
361,비동기모드_1G_NIC,2026-05-14 08:05:41.497,62,0,0,0,0,
362,비동기모드_1G_NIC,2026-05-14 08:05:42.497,63,0,0,0,0,
363,비동기모드_1G_NIC,2026-05-14 08:05:43.497,64,0,0,0,0,
364,비동기모드_1G_NIC,2026-05-14 08:05:44.497,65,0,0,0,0,
365,비동기모드_1G_NIC,2026-05-14 08:05:45.497,66,0,0,0,0,
366,비동기모드_1G_NIC,2026-05-14 08:05:46.513,67,0,0,0,0,
367,비동기모드_1G_NIC,2026-05-14 08:05:47.513,68,0,0,0,0,
368,비동기모드_1G_NIC,2026-05-14 08:05:48.513,69,0,0,0,0,
369,비동기모드_1G_NIC,2026-05-14 08:05:49.513,70,0,0,0,0,
370,비동기모드_1G_NIC,2026-05-14 08:05:50.513,71,0,0,0,0,
371,비동기모드_1G_NIC,2026-05-14 08:05:51.513,72,0,0,0,0,
372,비동기모드_1G_NIC,2026-05-14 08:05:52.528,73,0,0,0,0,
373,비동기모드_1G_NIC,2026-05-14 08:05:53.528,74,0,0,0,0,
374,비동기모드_1G_NIC,2026-05-14 08:05:54.528,75,0,0,0,0,
375,비동기모드_1G_NIC,2026-05-14 08:05:55.544,76,0,0,0,0,
376,비동기모드_1G_NIC,2026-05-14 08:05:56.544,77,0,0,0,0,
377,비동기모드_1G_NIC,2026-05-14 08:05:57.544,78,0,0,0,0,
378,비동기모드_1G_NIC,2026-05-14 08:05:58.560,79,0,0,0,0,
379,비동기모드_1G_NIC,2026-05-14 08:05:59.560,80,0,0,0,0,
380,비동기모드_1G_NIC,2026-05-14 08:06:00.560,81,0,0,0,0,
381,비동기모드_1G_NIC,2026-05-14 08:06:01.560,82,0,0,0,0,
382,비동기모드_1G_NIC,2026-05-14 08:06:02.560,83,0,0,0,0,
383,비동기모드_1G_NIC,2026-05-14 08:06:03.575,84,0,0,0,0,
384,비동기모드_1G_NIC,2026-05-14 08:06:04.575,85,0,0,0,0,
385,비동기모드_1G_NIC,2026-05-14 08:06:05.575,86,0,0,0,0,
386,비동기모드_1G_NIC,2026-05-14 08:06:06.575,87,0,0,0,0,
387,비동기모드_1G_NIC,2026-05-14 08:06:07.575,88,0,0,0,0,
388,비동기모드_1G_NIC,2026-05-14 08:06:08.591,89,0,0,0,0,
389,비동기모드_1G_NIC,2026-05-14 08:06:09.591,90,0,0,0,0,
390,비동기모드_1G_NIC,2026-05-14 08:06:10.606,91,0,0,0,0,
391,비동기모드_1G_NIC,2026-05-14 08:06:11.606,92,0,0,0,0,
392,비동기모드_1G_NIC,2026-05-14 08:06:12.606,93,0,0,0,0,
393,비동기모드_1G_NIC,2026-05-14 08:06:13.607,94,0,0,0,0,
394,비동기모드_1G_NIC,2026-05-14 08:06:14.606,95,0,0,0,0,
395,비동기모드_1G_NIC,2026-05-14 08:06:15.606,96,0,0,0,0,
396,비동기모드_1G_NIC,2026-05-14 08:06:16.607,97,0,0,0,0,
397,비동기모드_1G_NIC,2026-05-14 08:06:17.607,98,0,0,0,0,
398,비동기모드_1G_NIC,2026-05-14 08:06:18.606,99,0,0,0,0,
399,비동기모드_1G_NIC,2026-05-14 08:06:19.622,100,0,0,0,0,
400,비동기모드_1G_NIC,2026-05-14 08:06:20.622,101,0,0,0,0,
401,비동기모드_1G_NIC,2026-05-14 08:06:21.622,102,0,0,0,0,
402,비동기모드_1G_NIC,2026-05-14 08:06:22.622,103,0,0,0,0,
403,비동기모드_1G_NIC,2026-05-14 08:06:23.622,104,0,0,0,0,
404,비동기모드_1G_NIC,2026-05-14 08:06:24.638,105,0,0,0,0,
405,비동기모드_1G_NIC,2026-05-14 08:06:25.638,106,0,0,0,0,
406,비동기모드_1G_NIC,2026-05-14 08:06:26.638,107,0,0,0,0,
407,비동기모드_1G_NIC,2026-05-14 08:06:27.638,108,0,0,0,0,
408,비동기모드_1G_NIC,2026-05-14 08:06:28.638,109,0,0,0,0,
409,비동기모드_1G_NIC,2026-05-14 08:06:29.638,110,0,0,0,0,
410,비동기모드_1G_NIC,2026-05-14 08:06:30.638,111,0,0,0,0,
411,비동기모드_1G_NIC,2026-05-14 08:06:31.638,112,0,0,0,0,
412,비동기모드_1G_NIC,2026-05-14 08:06:32.653,113,0,0,0,0,
413,비동기모드_1G_NIC,2026-05-14 08:06:33.653,114,0,0,0,0,
414,비동기모드_1G_NIC,2026-05-14 08:06:34.653,115,0,0,0,0,
415,비동기모드_1G_NIC,2026-05-14 08:06:35.653,116,0,0,0,0,
416,비동기모드_1G_NIC,2026-05-14 08:06:36.653,117,0,0,0,0,
417,비동기모드_1G_NIC,2026-05-14 08:06:37.653,118,0,0,0,0,
418,비동기모드_1G_NIC,2026-05-14 08:06:38.654,119,0,0,0,0,
419,비동기모드_1G_NIC,2026-05-14 08:06:39.653,120,0,0,0,0,
420,비동기모드_1G_NIC,2026-05-14 08:06:40.669,121,0,0,0,0,
421,비동기모드_1G_NIC,2026-05-14 08:06:41.669,122,0,0,0,0,
422,비동기모드_1G_NIC,2026-05-14 08:06:42.669,123,0,0,0,0,
423,비동기모드_1G_NIC,2026-05-14 08:06:43.669,124,0,0,0,0,
424,비동기모드_1G_NIC,2026-05-14 08:06:44.669,125,0,0,0,0,
425,비동기모드_1G_NIC,2026-05-14 08:06:45.669,126,0,0,0,0,
426,비동기모드_1G_NIC,2026-05-14 08:06:46.684,127,0,0,0,0,
427,비동기모드_1G_NIC,2026-05-14 08:06:47.684,128,0,0,0,0,
428,비동기모드_1G_NIC,2026-05-14 08:06:48.685,129,0,0,0,0,
429,비동기모드_1G_NIC,2026-05-14 08:06:49.684,130,0,0,0,0,
430,비동기모드_1G_NIC,2026-05-14 08:06:50.685,131,0,0,0,0,
431,비동기모드_1G_NIC,2026-05-14 08:06:51.700,132,0,0,0,0,
432,비동기모드_1G_NIC,2026-05-14 08:06:52.700,133,0,0,0,0,
433,비동기모드_1G_NIC,2026-05-14 08:06:53.700,134,0,0,0,0,
434,비동기모드_1G_NIC,2026-05-14 08:06:54.700,135,0,0,0,0,
435,비동기모드_1G_NIC,2026-05-14 08:06:55.700,136,0,0,0,0,
436,비동기모드_1G_NIC,2026-05-14 08:06:56.716,137,0,0,0,0,
437,비동기모드_1G_NIC,2026-05-14 08:06:57.716,138,0,0,0,0,
438,비동기모드_1G_NIC,2026-05-14 08:06:58.716,139,0,0,0,0,
439,비동기모드_1G_NIC,2026-05-14 08:06:59.716,140,0,0,0,0,
440,비동기모드_1G_NIC,2026-05-14 08:07:00.716,141,0,0,0,0,
441,비동기모드_1G_NIC,2026-05-14 08:07:01.716,142,0,0,0,0,
442,비동기모드_1G_NIC,2026-05-14 08:07:02.716,143,0,0,0,0,
443,비동기모드_1G_NIC,2026-05-14 08:07:03.731,144,0,0,0,0,
444,비동기모드_1G_NIC,2026-05-14 08:07:04.731,145,0,0,0,0,
445,비동기모드_1G_NIC,2026-05-14 08:07:05.731,146,0,0,0,0,
446,비동기모드_1G_NIC,2026-05-14 08:07:06.732,147,0,0,0,0,
447,비동기모드_1G_NIC,2026-05-14 08:07:07.731,148,0,0,0,0,
448,비동기모드_1G_NIC,2026-05-14 08:07:08.732,149,0,0,0,0,
449,비동기모드_1G_NIC,2026-05-14 08:07:09.747,150,0,0,0,0,
450,비동기모드_1G_NIC,2026-05-14 08:07:10.747,151,0,0,0,0,
451,비동기모드_1G_NIC,2026-05-14 08:07:11.747,152,0,0,0,0,
452,비동기모드_1G_NIC,2026-05-14 08:07:12.747,153,0,0,0,0,
453,비동기모드_1G_NIC,2026-05-14 08:07:13.747,154,0,0,0,0,
454,비동기모드_1G_NIC,2026-05-14 08:07:14.747,155,0,0,0,0,
455,비동기모드_1G_NIC,2026-05-14 08:07:15.763,156,0,0,0,0,
456,비동기모드_1G_NIC,2026-05-14 08:07:16.763,157,0,0,0,0,
457,비동기모드_1G_NIC,2026-05-14 08:07:17.762,158,0,0,0,0,
458,비동기모드_1G_NIC,2026-05-14 08:07:18.778,159,0,0,0,0,
459,비동기모드_1G_NIC,2026-05-14 08:07:19.778,160,0,0,0,0,
460,비동기모드_1G_NIC,2026-05-14 08:07:20.778,161,0,0,0,0,
461,비동기모드_1G_NIC,2026-05-14 08:07:21.778,162,0,0,0,0,
462,비동기모드_1G_NIC,2026-05-14 08:07:22.778,163,0,0,0,0,
463,비동기모드_1G_NIC,2026-05-14 08:07:23.778,164,0,0,0,0,
464,비동기모드_1G_NIC,2026-05-14 08:07:24.778,165,0,0,0,0,
465,비동기모드_1G_NIC,2026-05-14 08:07:25.794,166,0,0,0,0,
466,비동기모드_1G_NIC,2026-05-14 08:07:26.794,167,0,0,0,0,
467,비동기모드_1G_NIC,2026-05-14 08:07:27.794,168,0,0,0,0,
468,비동기모드_1G_NIC,2026-05-14 08:07:28.794,169,0,0,0,0,
469,비동기모드_1G_NIC,2026-05-14 08:07:29.794,170,0,0,0,0,
470,비동기모드_1G_NIC,2026-05-14 08:07:30.794,171,0,0,0,0,
471,비동기모드_1G_NIC,2026-05-14 08:07:31.794,172,0,0,0,0,
472,비동기모드_1G_NIC,2026-05-14 08:07:32.809,173,0,0,0,0,
473,비동기모드_1G_NIC,2026-05-14 08:07:33.809,174,0,0,0,0,
474,비동기모드_1G_NIC,2026-05-14 08:07:34.809,175,0,0,0,0,
475,비동기모드_1G_NIC,2026-05-14 08:07:35.825,176,0,0,0,0,
476,비동기모드_1G_NIC,2026-05-14 08:07:36.825,177,0,0,0,0,
477,비동기모드_1G_NIC,2026-05-14 08:07:37.825,178,0,0,0,0,
478,비동기모드_1G_NIC,2026-05-14 08:07:38.825,179,0,0,0,0,
479,비동기모드_1G_NIC,2026-05-14 08:07:39.825,180,0,0,0,0,
480,비동기모드_1G_NIC,2026-05-14 08:07:40.840,181,0,0,0,0,
481,비동기모드_1G_NIC,2026-05-14 08:07:41.840,182,0,0,0,0,
482,비동기모드_1G_NIC,2026-05-14 08:07:42.841,183,0,0,0,0,
483,비동기모드_1G_NIC,2026-05-14 08:07:43.841,184,0,0,0,0,
484,비동기모드_1G_NIC,2026-05-14 08:07:44.857,185,0,0,0,0,
485,비동기모드_1G_NIC,2026-05-14 08:07:45.856,186,0,0,0,0,
486,비동기모드_1G_NIC,2026-05-14 08:07:46.856,187,0,0,0,0,
487,비동기모드_1G_NIC,2026-05-14 08:07:47.856,188,0,0,0,0,
488,비동기모드_1G_NIC,2026-05-14 08:07:48.872,189,0,0,0,0,
489,비동기모드_1G_NIC,2026-05-14 08:07:49.872,190,0,0,0,0,
490,비동기모드_1G_NIC,2026-05-14 08:07:50.872,191,0,0,0,0,
491,비동기모드_1G_NIC,2026-05-14 08:07:51.872,192,0,0,0,0,
492,비동기모드_1G_NIC,2026-05-14 08:07:52.872,193,0,0,0,0,
493,비동기모드_1G_NIC,2026-05-14 08:07:53.887,194,0,0,0,0,
494,비동기모드_1G_NIC,2026-05-14 08:07:54.887,195,0,0,0,0,
495,비동기모드_1G_NIC,2026-05-14 08:07:55.887,196,0,0,0,0,
496,비동기모드_1G_NIC,2026-05-14 08:07:56.887,197,0,0,0,0,
497,비동기모드_1G_NIC,2026-05-14 08:07:57.887,198,0,0,0,0,
498,비동기모드_1G_NIC,2026-05-14 08:07:58.903,199,0,0,0,0,
499,비동기모드_1G_NIC,2026-05-14 08:07:59.903,200,0,0,0,0,
500,비동기모드_1G_NIC,2026-05-14 08:08:00.903,201,0,0,0,0,
501,비동기모드_1G_NIC,2026-05-14 08:08:01.903,202,0,0,0,0,
502,비동기모드_1G_NIC,2026-05-14 08:08:02.903,203,0,0,0,0,
503,비동기모드_1G_NIC,2026-05-14 08:08:03.903,204,0,0,0,0,
504,비동기모드_1G_NIC,2026-05-14 08:08:04.903,205,0,0,0,0,
505,비동기모드_1G_NIC,2026-05-14 08:08:05.919,206,0,0,0,0,
506,비동기모드_1G_NIC,2026-05-14 08:08:06.919,207,0,0,0,0,
507,비동기모드_1G_NIC,2026-05-14 08:08:07.934,208,0,0,0,0,
508,비동기모드_1G_NIC,2026-05-14 08:08:08.934,209,0,0,0,0,
509,비동기모드_1G_NIC,2026-05-14 08:08:09.934,210,0,0,0,0,
510,비동기모드_1G_NIC,2026-05-14 08:08:10.934,211,0,0,0,0,
511,비동기모드_1G_NIC,2026-05-14 08:08:11.934,212,0,0,0,0,
512,비동기모드_1G_NIC,2026-05-14 08:08:12.950,213,0,0,0,0,
513,비동기모드_1G_NIC,2026-05-14 08:08:13.950,214,0,0,0,0,
514,비동기모드_1G_NIC,2026-05-14 08:08:14.950,215,0,0,0,0,
515,비동기모드_1G_NIC,2026-05-14 08:08:15.950,216,0,0,0,0,
516,비동기모드_1G_NIC,2026-05-14 08:08:16.950,217,0,0,0,0,
517,비동기모드_1G_NIC,2026-05-14 08:08:17.950,218,0,0,0,0,
518,비동기모드_1G_NIC,2026-05-14 08:08:18.950,219,0,0,0,0,
519,비동기모드_1G_NIC,2026-05-14 08:08:19.950,220,0,0,0,0,
520,비동기모드_1G_NIC,2026-05-14 08:08:20.950,221,0,0,0,0,
521,비동기모드_1G_NIC,2026-05-14 08:08:21.966,222,0,0,0,0,
522,비동기모드_1G_NIC,2026-05-14 08:08:22.966,223,0,0,0,0,
523,비동기모드_1G_NIC,2026-05-14 08:08:23.966,224,0,0,0,0,
524,비동기모드_1G_NIC,2026-05-14 08:08:24.966,225,0,0,0,0,
525,비동기모드_1G_NIC,2026-05-14 08:08:25.981,226,0,0,0,0,
526,비동기모드_1G_NIC,2026-05-14 08:08:26.981,227,0,0,0,0,
527,비동기모드_1G_NIC,2026-05-14 08:08:27.997,228,0,0,0,0,
528,비동기모드_1G_NIC,2026-05-14 08:08:29.012,230,0,0,0,0,
529,비동기모드_1G_NIC,2026-05-14 08:08:30.028,231,0,0,0,0,
530,비동기모드_1G_NIC,2026-05-14 08:08:31.044,232,0,0,0,0,
531,비동기모드_1G_NIC,2026-05-14 08:08:32.059,233,0,0,0,0,
532,비동기모드_1G_NIC,2026-05-14 08:08:33.075,234,0,0,0,0,
533,비동기모드_1G_NIC,2026-05-14 08:08:34.090,235,0,0,0,0,
534,비동기모드_1G_NIC,2026-05-14 08:08:35.106,236,0,0,0,0,
535,비동기모드_1G_NIC,2026-05-14 08:08:36.122,237,0,0,0,0,
536,비동기모드_1G_NIC,2026-05-14 08:08:37.137,238,0,0,0,0,
537,비동기모드_1G_NIC,2026-05-14 08:08:38.153,239,0,0,0,0,
538,비동기모드_1G_NIC,2026-05-14 08:08:39.168,240,0,0,0,0,
539,비동기모드_1G_NIC,2026-05-14 08:08:40.184,241,0,0,0,0,
540,비동기모드_1G_NIC,2026-05-14 08:08:41.200,242,0,0,0,0,
541,비동기모드_1G_NIC,2026-05-14 08:08:42.216,243,0,0,0,0,
542,비동기모드_1G_NIC,2026-05-14 08:08:43.231,244,0,0,0,0,
543,비동기모드_1G_NIC,2026-05-14 08:08:44.247,245,0,0,0,0,
544,비동기모드_1G_NIC,2026-05-14 08:08:45.262,246,0,0,0,0,
545,비동기모드_1G_NIC,2026-05-14 08:08:46.278,247,0,0,0,0,
546,비동기모드_1G_NIC,2026-05-14 08:08:47.293,248,0,0,0,0,
547,비동기모드_1G_NIC,2026-05-14 08:08:48.309,249,0,0,0,0,
548,비동기모드_1G_NIC,2026-05-14 08:08:49.325,250,0,0,0,0,
549,비동기모드_1G_NIC,2026-05-14 08:08:50.340,251,0,0,0,0,
550,비동기모드_1G_NIC,2026-05-14 08:08:51.356,252,0,0,0,0,
551,비동기모드_1G_NIC,2026-05-14 08:08:52.372,253,0,0,0,0,
552,비동기모드_1G_NIC,2026-05-14 08:08:53.387,254,0,0,0,0,
553,비동기모드_1G_NIC,2026-05-14 08:08:54.403,255,0,0,0,0,
554,비동기모드_1G_NIC,2026-05-14 08:08:55.418,256,0,0,0,0,
555,비동기모드_1G_NIC,2026-05-14 08:08:56.434,257,0,0,0,0,
556,비동기모드_1G_NIC,2026-05-14 08:08:57.450,258,0,0,0,0,
557,비동기모드_1G_NIC,2026-05-14 08:08:58.466,259,0,0,0,0,
558,비동기모드_1G_NIC,2026-05-14 08:08:59.481,260,0,0,0,0,
559,비동기모드_1G_NIC,2026-05-14 08:09:00.497,261,0,0,0,0,
560,비동기모드_1G_NIC,2026-05-14 08:09:01.512,262,0,0,0,0,
561,비동기모드_1G_NIC,2026-05-14 08:09:02.528,263,0,0,0,0,
562,비동기모드_1G_NIC,2026-05-14 08:09:03.544,264,0,0,0,0,
563,비동기모드_1G_NIC,2026-05-14 08:09:04.559,265,0,0,0,0,
564,비동기모드_1G_NIC,2026-05-14 08:09:05.575,266,0,0,0,0,
565,비동기모드_1G_NIC,2026-05-14 08:09:06.590,267,0,0,0,0,
566,비동기모드_1G_NIC,2026-05-14 08:09:07.606,268,0,0,0,0,
567,비동기모드_1G_NIC,2026-05-14 08:09:08.622,269,0,0,0,0,
568,비동기모드_1G_NIC,2026-05-14 08:09:09.637,270,0,0,0,0,
569,비동기모드_1G_NIC,2026-05-14 08:09:10.653,271,0,0,0,0,
570,비동기모드_1G_NIC,2026-05-14 08:09:11.668,272,0,0,0,0,
571,비동기모드_1G_NIC,2026-05-14 08:09:12.684,273,0,0,0,0,
572,비동기모드_1G_NIC,2026-05-14 08:09:13.700,274,0,0,0,0,
573,비동기모드_1G_NIC,2026-05-14 08:09:14.715,275,0,0,0,0,
574,비동기모드_1G_NIC,2026-05-14 08:09:15.731,276,0,0,0,0,
575,비동기모드_1G_NIC,2026-05-14 08:09:16.747,277,0,0,0,0,
576,비동기모드_1G_NIC,2026-05-14 08:09:17.762,278,0,0,0,0,
577,비동기모드_1G_NIC,2026-05-14 08:09:18.778,279,0,0,0,0,
578,비동기모드_1G_NIC,2026-05-14 08:09:19.794,280,0,0,0,0,
579,비동기모드_1G_NIC,2026-05-14 08:09:20.809,281,0,0,0,0,
580,비동기모드_1G_NIC,2026-05-14 08:09:21.825,282,0,0,0,0,
581,비동기모드_1G_NIC,2026-05-14 08:09:22.840,283,0,0,0,0,
582,비동기모드_1G_NIC,2026-05-14 08:09:23.840,284,0,0,0,0,
583,비동기모드_1G_NIC,2026-05-14 08:09:24.840,285,0,0,0,0,
584,비동기모드_1G_NIC,2026-05-14 08:09:25.856,286,0,0,0,0,
585,비동기모드_1G_NIC,2026-05-14 08:09:26.856,287,0,0,0,0,
586,비동기모드_1G_NIC,2026-05-14 08:09:27.856,288,0,0,0,0,
587,비동기모드_1G_NIC,2026-05-14 08:09:28.856,289,0,0,0,0,
588,비동기모드_1G_NIC,2026-05-14 08:09:29.856,290,0,0,0,0,
589,비동기모드_1G_NIC,2026-05-14 08:09:30.856,291,0,0,0,0,
590,비동기모드_1G_NIC,2026-05-14 08:09:31.871,292,0,0,0,0,
591,비동기모드_1G_NIC,2026-05-14 08:09:32.871,293,0,0,0,0,
592,비동기모드_1G_NIC,2026-05-14 08:09:33.872,294,0,0,0,0,
593,비동기모드_1G_NIC,2026-05-14 08:09:34.871,295,0,0,0,0,
594,비동기모드_1G_NIC,2026-05-14 08:09:35.871,296,0,0,0,0,
595,비동기모드_1G_NIC,2026-05-14 08:09:36.871,297,0,0,0,0,
596,비동기모드_1G_NIC,2026-05-14 08:09:37.872,298,0,0,0,0,
597,비동기모드_1G_NIC,2026-05-14 08:09:38.872,299,0,0,0,0,
598,비동기모드_1G_NIC,2026-05-14 08:09:39.887,300,0,0,0,0,
599,동기모드_10G_NIC,2026-05-14 15:23:45.002,2,39661,13525,0.34101510299790727,39661,2932.4214417744915
600,동기모드_10G_NIC,2026-05-14 15:23:46.002,3,39626,14080,0.35532226316055116,39626,2814.346590909091
601,동기모드_10G_NIC,2026-05-14 15:23:47.002,4,42108,13582,0.32255153415028021,42108,3100.2797820644973
602,동기모드_10G_NIC,2026-05-14 15:23:48.002,5,39956,14475,0.36227350085093601,39956,2760.3454231433507
603,동기모드_10G_NIC,2026-05-14 15:23:49.002,6,40959,13992,0.34160990258551233,40959,2927.3156089193826
604,동기모드_10G_NIC,2026-05-14 15:23:50.002,7,39211,13509,0.34452067022009131,39211,2902.5834628766006
605,동기모드_10G_NIC,2026-05-14 15:23:51.002,8,39829,14004,0.35160310326646416,39829,2844.1159668666091
606,동기모드_10G_NIC,2026-05-14 15:23:52.002,9,24878,12547,0.50434118498271563,24878,1982.7847294173907
607,동기모드_10G_NIC,2026-05-14 15:23:53.002,10,39975,14383,0.35979987492182613,39975,2779.3228116526457
608,동기모드_10G_NIC,2026-05-14 15:23:54.017,11,41990,14266,0.33974755894260539,41990,2943.3618393382867
609,동기모드_10G_NIC,2026-05-14 15:23:55.017,12,41156,13955,0.33907571192535718,41156,2949.1938373342887
610,동기모드_10G_NIC,2026-05-14 15:23:56.018,13,41079,13563,0.33016869933542686,41079,3028.7547002875472
611,동기모드_10G_NIC,2026-05-14 15:23:57.017,14,42414,13507,0.31845617013250344,42414,3140.1495520841045
612,동기모드_10G_NIC,2026-05-14 15:23:58.017,15,40534,14018,0.34583312774460945,40534,2891.5679840205453
613,동기모드_10G_NIC,2026-05-14 15:23:59.017,16,40475,13355,0.32995676343421865,40475,3030.7001123174841
614,동기모드_10G_NIC,2026-05-14 15:24:00.017,17,43883,13694,0.31205706082081902,43883,3204.5421352417115
615,동기모드_10G_NIC,2026-05-14 15:24:01.017,18,40010,13741,0.34343914021494626,40010,2911.7240375518522
616,동기모드_10G_NIC,2026-05-14 15:24:02.017,19,41135,14010,0.34058587577488758,41135,2936.1170592433973
617,동기모드_10G_NIC,2026-05-14 15:24:03.033,20,40469,13813,0.3413229879660975,40469,2929.7762976905815
618,동기모드_10G_NIC,2026-05-14 15:24:04.033,21,41961,13748,0.3276375682181073,41961,3052.153040442246
619,동기모드_10G_NIC,2026-05-14 15:24:05.034,22,40965,14295,0.34895642621750272,40965,2865.6873032528856
620,동기모드_10G_NIC,2026-05-14 15:24:06.033,23,42366,13584,0.32063447103809661,42366,3118.8162544169609
621,동기모드_10G_NIC,2026-05-14 15:24:07.033,24,39052,14190,0.36336167161733074,39052,2752.0789288231149
622,동기모드_10G_NIC,2026-05-14 15:24:08.033,25,39731,13995,0.35224383982280838,39731,2838.9424794569491
623,동기모드_10G_NIC,2026-05-14 15:24:09.033,26,41487,13171,0.31747294333164605,41487,3149.8747247741248
624,동기모드_10G_NIC,2026-05-14 15:24:10.033,27,40219,13800,0.343121410278724,40219,2914.4202898550725
625,동기모드_10G_NIC,2026-05-14 15:24:11.033,28,42567,13784,0.32381892076021329,42567,3088.1456761462568
626,동기모드_10G_NIC,2026-05-14 15:24:12.049,29,40457,13983,0.34562622043156932,40457,2893.299005935779
627,동기모드_10G_NIC,2026-05-14 15:24:13.049,30,35533,14286,0.40204879970731433,35533,2487.2602547949041
628,동기모드_10G_NIC,2026-05-14 15:24:14.049,31,39375,13879,0.35248253968253968,39375,2837.0199582102459
629,동기모드_10G_NIC,2026-05-14 15:24:15.049,32,38652,13610,0.35211631998344201,38652,2839.9706098457018
630,동기모드_10G_NIC,2026-05-14 15:24:16.049,33,43388,13814,0.31838296303125291,43388,3140.871579556971
631,동기모드_10G_NIC,2026-05-14 15:24:17.049,34,31131,15032,0.48286274131894252,31131,2070.9819052687599
632,동기모드_10G_NIC,2026-05-14 15:24:18.049,35,39740,14027,0.35296930045294411,39740,2833.1075782419621
633,동기모드_10G_NIC,2026-05-14 15:24:19.064,36,40677,13646,0.33547213412985227,40677,2980.8735160486585
634,동기모드_10G_NIC,2026-05-14 15:24:20.064,37,40954,13457,0.32858817209552182,40954,3043.3231775284239
635,동기모드_10G_NIC,2026-05-14 15:24:21.064,38,41980,13770,0.32801333968556456,41980,3048.6564996368916
636,동기모드_10G_NIC,2026-05-14 15:24:22.064,39,41449,13954,0.33665468406957949,41449,2970.402751899097
637,동기모드_10G_NIC,2026-05-14 15:24:23.064,40,43219,13940,0.32254332585205581,43219,3100.3586800573889
638,동기모드_10G_NIC,2026-05-14 15:24:24.064,41,39252,13949,0.35537042698461224,39252,2813.9651587927451
639,동기모드_10G_NIC,2026-05-14 15:24:25.064,42,37873,14310,0.37784173421698836,37873,2646.6107617051011
640,동기모드_10G_NIC,2026-05-14 15:24:26.064,43,44425,13541,0.30480585256049519,44425,3280.7768997858357
641,동기모드_10G_NIC,2026-05-14 15:24:27.080,44,42338,13886,0.32797959280079364,42338,3048.9701857986461
642,동기모드_10G_NIC,2026-05-14 15:24:28.080,45,43198,13663,0.3162877911014399,43198,3161.6775232379418
643,동기모드_10G_NIC,2026-05-14 15:24:29.080,46,42272,13317,0.31503122634367903,42272,3174.2885034166857
644,동기모드_10G_NIC,2026-05-14 15:24:30.080,47,40258,13615,0.33819365095136372,40258,2956.8857877341165
645,동기모드_10G_NIC,2026-05-14 15:24:31.080,48,39486,13763,0.34855391784429923,39486,2868.9965850468648
646,동기모드_10G_NIC,2026-05-14 15:24:32.080,49,39229,14190,0.36172219531469069,39229,2764.5525017618038
647,동기모드_10G_NIC,2026-05-14 15:24:33.080,50,40224,14277,0.35493735083532219,40224,2817.3986131540241
648,동기모드_10G_NIC,2026-05-14 15:24:34.080,51,41892,14145,0.3376539673446004,41892,2961.6118769883351
649,동기모드_10G_NIC,2026-05-14 15:24:35.096,52,41906,13667,0.32613468238438409,41906,3066.2178971244603
650,동기모드_10G_NIC,2026-05-14 15:24:36.096,53,41108,13397,0.32589763549674028,41108,3068.448160035829
651,동기모드_10G_NIC,2026-05-14 15:24:37.095,54,39814,13843,0.34769176671522578,39814,2876.1106696525321
652,동기모드_10G_NIC,2026-05-14 15:24:38.095,55,43005,14181,0.32975235437739797,43005,3032.5788026232285
653,동기모드_10G_NIC,2026-05-14 15:24:39.095,56,44081,13741,0.31172160341190081,44081,3207.9906848118771
654,동기모드_10G_NIC,2026-05-14 15:24:40.096,57,42076,14062,0.33420477231676016,42076,2992.1774996444319
655,동기모드_10G_NIC,2026-05-14 15:24:41.095,58,43676,13555,0.31035351222639435,43676,3222.1320545924013
656,동기모드_10G_NIC,2026-05-14 15:24:42.095,59,36491,14489,0.39705680852813025,36491,2518.5312996065982
657,동기모드_10G_NIC,2026-05-14 15:24:43.095,60,41696,14008,0.33595548733691483,41696,2976.5848086807537
658,동기모드_10G_NIC,2026-05-14 15:24:44.111,61,44245,13955,0.31540287038083398,44245,3170.5481906126838
659,동기모드_10G_NIC,2026-05-14 15:24:45.112,62,42608,13888,0.32594817874577542,42608,3067.972350230415
660,동기모드_10G_NIC,2026-05-14 15:24:46.111,63,40925,13536,0.33075137446548564,40925,3023.4190307328604
661,동기모드_10G_NIC,2026-05-14 15:24:47.111,64,39884,13919,0.34898706248119549,39884,2865.4357353258133
662,동기모드_10G_NIC,2026-05-14 15:24:48.111,65,41791,13837,0.33109999760714032,41791,3020.2356002023557
663,동기모드_10G_NIC,2026-05-14 15:24:49.111,66,40492,14171,0.3499703645164477,40492,2857.3847999435466
664,동기모드_10G_NIC,2026-05-14 15:24:50.111,67,43632,14155,0.32441785845251192,43632,3082.4443659484282
665,동기모드_10G_NIC,2026-05-14 15:24:51.111,68,43270,13817,0.31932054541252602,43270,3131.6494173843812
666,동기모드_10G_NIC,2026-05-14 15:24:52.111,69,40094,14270,0.35591360303287273,40094,2809.6706377014716
667,동기모드_10G_NIC,2026-05-14 15:24:53.127,70,40989,13482,0.3289175144550977,40989,3040.2759234534938
668,동기모드_10G_NIC,2026-05-14 15:24:54.127,71,37896,14383,0.37953873759763562,37896,2634.7771674893975
669,동기모드_10G_NIC,2026-05-14 15:24:55.127,72,43217,14140,0.32718606104079412,43217,3056.3649222065064
670,동기모드_10G_NIC,2026-05-14 15:24:56.127,73,42536,14165,0.3330120368628926,42536,3002.8944581715496
671,동기모드_10G_NIC,2026-05-14 15:24:57.127,74,37960,14767,0.38901475237091676,37960,2570.5966005282048
672,동기모드_10G_NIC,2026-05-14 15:24:58.142,75,38325,14531,0.37915198956294849,38325,2637.46473057601
673,동기모드_10G_NIC,2026-05-14 15:24:59.142,76,40440,13939,0.34468348170128588,40440,2901.2124255685485
674,동기모드_10G_NIC,2026-05-14 15:25:00.142,77,41358,13481,0.32595870206489674,41358,3067.873303167421
675,동기모드_10G_NIC,2026-05-14 15:25:01.142,78,43136,13651,0.31646420623145399,43136,3159.9150245403271
676,동기모드_10G_NIC,2026-05-14 15:25:02.142,79,41822,14104,0.33723877385108314,41822,2965.2580828133864
677,동기모드_10G_NIC,2026-05-14 15:25:03.142,80,42450,14017,0.33020023557126033,42450,3028.465434829136
678,동기모드_10G_NIC,2026-05-14 15:25:04.142,81,41311,13896,0.33637529955701873,41311,2972.8698906160043
679,동기모드_10G_NIC,2026-05-14 15:25:05.142,82,38322,13755,0.35893220604352594,38322,2786.0414394765539
680,동기모드_10G_NIC,2026-05-14 15:25:06.142,83,39543,14154,0.35793945831120555,39543,2793.7685459940649
681,동기모드_10G_NIC,2026-05-14 15:25:07.158,84,42211,14124,0.33460472388713841,42211,2988.6009629000282
682,동기모드_10G_NIC,2026-05-14 15:25:08.158,85,40018,14526,0.36298665600479785,40018,2754.9222084538069
683,동기모드_10G_NIC,2026-05-14 15:25:09.158,86,42469,14348,0.33784642916009322,42469,2959.9247281851131
684,동기모드_10G_NIC,2026-05-14 15:25:10.158,87,42723,14051,0.32888608009737141,42723,3040.5665077218705
685,동기모드_10G_NIC,2026-05-14 15:25:11.158,88,37919,13671,0.36053165959017908,37919,2773.6815156169996
686,동기모드_10G_NIC,2026-05-14 15:25:12.158,89,39896,13903,0.34848105073190294,39896,2869.5964899661944
687,동기모드_10G_NIC,2026-05-14 15:25:13.158,90,42254,14312,0.33871349458039474,42254,2952.3476802683067
688,동기모드_10G_NIC,2026-05-14 15:25:14.158,91,42394,14331,0.33804311930933623,42394,2958.2024980810829
689,동기모드_10G_NIC,2026-05-14 15:25:15.173,92,40829,13802,0.33804403732641014,40829,2958.194464570352
690,동기모드_10G_NIC,2026-05-14 15:25:16.173,93,38115,14279,0.37462941099304736,38115,2669.3045731493803
691,동기모드_10G_NIC,2026-05-14 15:25:17.173,94,36137,14388,0.39815147909344994,36137,2511.6068946344176
692,동기모드_10G_NIC,2026-05-14 15:25:18.173,95,40694,14110,0.34673416228436627,40694,2884.0538625088589
693,동기모드_10G_NIC,2026-05-14 15:25:19.173,96,41502,13894,0.33477904679292564,41502,2987.0447675255505
694,동기모드_10G_NIC,2026-05-14 15:25:20.173,97,41505,13646,0.32877966510059031,41505,3041.5506375494647
695,동기모드_10G_NIC,2026-05-14 15:25:21.173,98,39400,14106,0.3580203045685279,39400,2793.1376719126615
696,동기모드_10G_NIC,2026-05-14 15:25:22.173,99,36848,14752,0.40034737299174988,36848,2497.8308026030368
697,동기모드_10G_NIC,2026-05-14 15:25:23.189,100,38519,13384,0.34746488745813753,38519,2877.9886431560071
698,동기모드_10G_NIC,2026-05-14 15:25:24.189,101,40261,13635,0.33866520950796059,40261,2952.7686101943527
699,동기모드_10G_NIC,2026-05-14 15:25:25.189,102,42555,14152,0.33255786629068262,42555,3006.9954776710006
700,동기모드_10G_NIC,2026-05-14 15:25:26.189,103,42318,13837,0.32697670022212771,42318,3058.3218905832186
701,동기모드_10G_NIC,2026-05-14 15:25:27.189,104,37963,14021,0.36933329821141636,37963,2707.581484915484
702,동기모드_10G_NIC,2026-05-14 15:25:28.189,105,40806,14108,0.3457334705680537,40806,2892.4014743407997
703,동기모드_10G_NIC,2026-05-14 15:25:29.189,106,39568,13825,0.34939850384148807,39568,2862.0614828209764
704,동기모드_10G_NIC,2026-05-14 15:25:30.189,107,41278,14258,0.34541402199718979,41278,2895.0764483097209
705,동기모드_10G_NIC,2026-05-14 15:25:31.189,108,39307,14231,0.362047472460376,39307,2762.068723209894
706,동기모드_10G_NIC,2026-05-14 15:25:32.205,109,39992,14327,0.358246649329866,39992,2791.3729322258669
707,동기모드_10G_NIC,2026-05-14 15:25:33.205,110,39969,14153,0.35409942705596836,39969,2824.0655691372854
708,동기모드_10G_NIC,2026-05-14 15:25:34.205,111,40868,13764,0.33679162180679262,40868,2969.1950014530657
709,동기모드_10G_NIC,2026-05-14 15:25:35.205,112,38938,14105,0.36224253942164464,38938,2760.5813541297416
710,동기모드_10G_NIC,2026-05-14 15:25:36.205,113,40953,14558,0.35548067296657143,40953,2813.0924577551864
711,동기모드_10G_NIC,2026-05-14 15:25:37.205,114,36512,14826,0.40605828220858897,36512,2462.7006610009444
712,동기모드_10G_NIC,2026-05-14 15:25:38.205,115,42807,13887,0.32440955918424558,42807,3082.5232231583495
713,동기모드_10G_NIC,2026-05-14 15:25:39.205,116,40298,13606,0.33763462206561118,40298,2961.7815669557549
714,동기모드_10G_NIC,2026-05-14 15:25:40.205,117,39370,14056,0.35702311404622811,39370,2800.9391007398976
715,동기모드_10G_NIC,2026-05-14 15:25:41.220,118,43849,13915,0.31733904992132089,43849,3151.203736974488
716,동기모드_10G_NIC,2026-05-14 15:25:42.220,119,36202,14879,0.41099939229876803,36202,2433.0936218831912
717,동기모드_10G_NIC,2026-05-14 15:25:43.220,120,42706,14072,0.32950873413571863,42706,3034.8209209778283
718,동기모드_10G_NIC,2026-05-14 15:25:44.220,121,40491,14311,0.35343656615050256,40491,2829.3620292083015
719,동기모드_10G_NIC,2026-05-14 15:25:45.220,122,41075,13905,0.33852708460133901,41075,2953.9733908665949
720,동기모드_10G_NIC,2026-05-14 15:25:46.220,123,39166,14018,0.35791247510595925,39166,2793.9791696390357
721,동기모드_10G_NIC,2026-05-14 15:25:47.220,124,35477,14721,0.41494489387490485,35477,2409.9585625976497
722,동기모드_10G_NIC,2026-05-14 15:25:48.220,125,42541,13837,0.32526268776004325,42541,3074.4381007443812
723,동기모드_10G_NIC,2026-05-14 15:25:49.236,126,43252,14048,0.32479422916859335,43252,3078.872437357631
724,동기모드_10G_NIC,2026-05-14 15:25:50.236,127,38113,14528,0.38118227376485714,38113,2623.4168502202642
725,동기모드_10G_NIC,2026-05-14 15:25:51.236,128,38803,13878,0.35765275880730873,38803,2796.0080703271365
726,동기모드_10G_NIC,2026-05-14 15:25:52.236,129,34973,14226,0.40677093758041916,34973,2458.3860537044848
727,동기모드_10G_NIC,2026-05-14 15:25:53.236,130,42531,13954,0.3280900989866215,42531,3047.943242081124
728,동기모드_10G_NIC,2026-05-14 15:25:54.236,131,45083,13647,0.30270833795443958,45083,3303.5099289221075
729,동기모드_10G_NIC,2026-05-14 15:25:55.236,132,35521,14813,0.41702091720390755,35521,2397.9612502531559
730,동기모드_10G_NIC,2026-05-14 15:25:56.236,133,39866,13501,0.33865950935634376,39866,2952.8183097548331
731,동기모드_10G_NIC,2026-05-14 15:25:57.236,134,36642,14318,0.39075377981551224,36642,2559.1563067467523
732,동기모드_10G_NIC,2026-05-14 15:25:58.252,135,43425,14010,0.32262521588946458,43425,3099.5717344753748
733,동기모드_10G_NIC,2026-05-14 15:25:59.252,136,38585,13969,0.36203187767267075,38585,2762.1877013386784
734,동기모드_10G_NIC,2026-05-14 15:26:00.252,137,42364,14059,0.33186195826645265,42364,3013.3010882708586
735,동기모드_10G_NIC,2026-05-14 15:26:01.252,138,42694,13625,0.31913149388672879,42694,3133.5045871559637
736,동기모드_10G_NIC,2026-05-14 15:26:02.252,139,37449,14036,0.3748030655024166,37449,2668.0678255913367
737,동기모드_10G_NIC,2026-05-14 15:26:03.252,140,41582,13650,0.32826703862248086,41582,3046.3003663003665
738,동기모드_10G_NIC,2026-05-14 15:26:04.252,141,39549,14111,0.35679789628056335,39549,2802.7071079299835
739,동기모드_10G_NIC,2026-05-14 15:26:05.252,142,40702,13997,0.34388973514814997,40702,2907.908837608059
740,동기모드_10G_NIC,2026-05-14 15:26:06.267,143,42883,13703,0.31954387519529881,42883,3129.4607020360509
741,동기모드_10G_NIC,2026-05-14 15:26:07.267,144,40628,14136,0.34793738308555677,40628,2874.0803621958121
742,동기모드_10G_NIC,2026-05-14 15:26:08.267,145,40748,13999,0.34355060371061158,40748,2910.779341381527
743,동기모드_10G_NIC,2026-05-14 15:26:09.267,146,35756,14608,0.4085468173173733,35756,2447.6998904709749
744,동기모드_10G_NIC,2026-05-14 15:26:10.267,147,40245,14142,0.35139768915393216,40245,2845.7785320322446
745,동기모드_10G_NIC,2026-05-14 15:26:11.267,148,41438,14176,0.34210145277281723,41438,2923.1094808126409
746,동기모드_10G_NIC,2026-05-14 15:26:12.267,149,39983,14286,0.35730185328764724,39983,2798.7540249195017
747,동기모드_10G_NIC,2026-05-14 15:26:13.267,150,40620,13695,0.33714918759231904,40620,2966.0460021905806
748,동기모드_10G_NIC,2026-05-14 15:26:14.267,151,39461,13877,0.35166366792529336,39461,2843.6261439792461
749,동기모드_10G_NIC,2026-05-14 15:26:15.267,152,39105,13895,0.35532540595831735,39105,2814.3216984526807
750,동기모드_10G_NIC,2026-05-14 15:26:16.283,153,35593,14866,0.41766639507768383,35593,2394.2553477734427
751,동기모드_10G_NIC,2026-05-14 15:26:17.283,154,37542,14489,0.3859410793244899,37542,2591.0690868935053
752,동기모드_10G_NIC,2026-05-14 15:26:18.283,155,42088,14139,0.33593898498384339,42088,2976.7310276540065
753,동기모드_10G_NIC,2026-05-14 15:26:19.283,156,41619,13741,0.33016170499050912,41619,3028.8188632559495
754,동기모드_10G_NIC,2026-05-14 15:26:20.283,157,37241,13942,0.37437233157004379,37241,2671.1375699325777
755,동기모드_10G_NIC,2026-05-14 15:26:21.283,158,41701,14010,0.33596316635092682,41701,2976.516773733048
756,동기모드_10G_NIC,2026-05-14 15:26:22.283,159,38929,14538,0.37344909964293971,38929,2677.7410923098087
757,동기모드_10G_NIC,2026-05-14 15:26:23.298,160,42309,13968,0.33014252286747503,42309,3028.9948453608245
758,동기모드_10G_NIC,2026-05-14 15:26:24.298,161,39349,14416,0.36636255050954281,39349,2729.5366259711432
759,동기모드_10G_NIC,2026-05-14 15:26:25.298,162,40847,13725,0.33600998849364705,40847,2976.1020036429868
760,동기모드_10G_NIC,2026-05-14 15:26:26.298,163,39209,13711,0.34969012216582929,39209,2859.6747137334987
761,동기모드_10G_NIC,2026-05-14 15:26:27.298,164,40603,14198,0.34967859517769623,40603,2859.7689815466965
762,동기모드_10G_NIC,2026-05-14 15:26:28.298,165,42243,13728,0.32497691925289396,42243,3077.1416083916083
763,동기모드_10G_NIC,2026-05-14 15:26:29.299,166,42534,14016,0.32952461560163632,42534,3034.6746575342468
764,동기모드_10G_NIC,2026-05-14 15:26:30.298,167,44228,13787,0.31172560368997015,44228,3207.9495176615651
765,동기모드_10G_NIC,2026-05-14 15:26:31.298,168,43280,14074,0.32518484288354899,43280,3075.1740798635783
766,동기모드_10G_NIC,2026-05-14 15:26:32.314,169,37370,14494,0.38785121755418783,37370,2578.3082654891682
767,동기모드_10G_NIC,2026-05-14 15:26:33.314,170,41338,13906,0.3363975035076685,41338,2972.6736660434344
768,동기모드_10G_NIC,2026-05-14 15:26:34.314,171,40481,14140,0.34929967145080409,40481,2862.8712871287125
769,동기모드_10G_NIC,2026-05-14 15:26:35.314,172,43450,13985,0.32186421173762947,43450,3106.9002502681442
770,동기모드_10G_NIC,2026-05-14 15:26:36.314,173,39962,14369,0.35956658825884591,39962,2781.1260352146983
771,동기모드_10G_NIC,2026-05-14 15:26:37.314,174,40097,13755,0.3430431204329501,40097,2915.0854234823701
772,동기모드_10G_NIC,2026-05-14 15:26:38.314,175,43510,13737,0.31572052401746725,43510,3167.3582295988936
773,동기모드_10G_NIC,2026-05-14 15:26:39.314,176,42516,14053,0.33053438705428545,42516,3025.4038283640502
774,동기모드_10G_NIC,2026-05-14 15:26:40.329,177,42348,13994,0.33045244167375082,42348,3026.1540660282981
775,동기모드_10G_NIC,2026-05-14 15:26:41.330,178,43190,14019,0.32458902523732347,43190,3080.8188886511161
776,동기모드_10G_NIC,2026-05-14 15:26:42.329,179,38464,14129,0.36733049084858571,38464,2722.3441149409014
777,동기모드_10G_NIC,2026-05-14 15:26:43.329,180,40145,14098,0.35117698343504794,40145,2847.5670307845085
778,동기모드_10G_NIC,2026-05-14 15:26:44.329,181,35061,14684,0.41881292604318188,35061,2387.7008989376191
779,동기모드_10G_NIC,2026-05-14 15:26:45.330,182,42725,13764,0.32215330602691633,42725,3104.1121766928218
780,동기모드_10G_NIC,2026-05-14 15:26:46.330,183,41927,14081,0.33584563646337684,41927,2977.5584120445988
781,동기모드_10G_NIC,2026-05-14 15:26:47.330,184,41079,13925,0.33898098785267411,41079,2950.0179533213645
782,동기모드_10G_NIC,2026-05-14 15:26:48.329,185,39675,13970,0.35211090107120352,39675,2840.0143163922694
783,동기모드_10G_NIC,2026-05-14 15:26:49.345,186,39466,14153,0.3586124765621041,39466,2788.5254009750583
784,동기모드_10G_NIC,2026-05-14 15:26:50.345,187,44598,13798,0.30938607112426564,44598,3232.207566313959
785,동기모드_10G_NIC,2026-05-14 15:26:51.345,188,38077,14697,0.3859810384221446,38077,2590.8008437096005
786,동기모드_10G_NIC,2026-05-14 15:26:52.345,189,39451,14096,0.3573039973638184,39451,2798.7372304199775
787,동기모드_10G_NIC,2026-05-14 15:26:53.345,190,40981,13790,0.33649740123471855,40981,2971.791153009427
788,동기모드_10G_NIC,2026-05-14 15:26:54.345,191,34966,14294,0.4087971171995653,34966,2446.2012033020847
789,동기모드_10G_NIC,2026-05-14 15:26:55.345,192,34766,14729,0.42366104815049188,34766,2360.3774865910787
790,동기모드_10G_NIC,2026-05-14 15:26:56.345,193,40914,13889,0.33946815271056363,40914,2945.7844337245301
791,동기모드_10G_NIC,2026-05-14 15:26:57.345,194,43705,13904,0.31813293673492737,43705,3143.3400460299194
792,동기모드_10G_NIC,2026-05-14 15:26:58.361,195,42879,13642,0.31815107628442829,42879,3143.1608268582318
793,동기모드_10G_NIC,2026-05-14 15:26:59.361,196,39351,14110,0.35856776193743489,39351,2788.8731396172925
794,동기모드_10G_NIC,2026-05-14 15:27:00.361,197,40748,13914,0.34146461176008641,40748,2928.5611614201521
795,동기모드_10G_NIC,2026-05-14 15:27:01.361,198,37235,14513,0.38976769168792802,37235,2565.6308137531869
796,동기모드_10G_NIC,2026-05-14 15:27:02.361,199,43612,13881,0.31828395854352015,43612,3141.8485699877529
797,동기모드_10G_NIC,2026-05-14 15:27:03.361,200,40781,13960,0.3423162747357838,40781,2921.275071633238
798,동기모드_10G_NIC,2026-05-14 15:27:04.361,201,42175,13869,0.32884410195613517,42175,3040.954647054582
799,동기모드_10G_NIC,2026-05-14 15:27:05.361,202,42399,13488,0.31812071039411305,42399,3143.4608540925269
800,동기모드_10G_NIC,2026-05-14 15:27:06.361,203,36255,14389,0.39688318852572058,36255,2519.6330530266177
801,동기모드_10G_NIC,2026-05-14 15:27:07.376,204,38745,14316,0.36949283778552072,38745,2706.4124056999162
802,동기모드_10G_NIC,2026-05-14 15:27:08.376,205,43848,13727,0.313058748403576,43848,3194.2886282508921
803,동기모드_10G_NIC,2026-05-14 15:27:09.376,206,44896,13730,0.30581789023521028,44896,3269.9198834668609
804,동기모드_10G_NIC,2026-05-14 15:27:10.376,207,41653,13644,0.32756344080858524,41653,3052.8437408384634
805,동기모드_10G_NIC,2026-05-14 15:27:11.376,208,36635,14585,0.39811655520676947,36635,2511.8272197463148
806,동기모드_10G_NIC,2026-05-14 15:27:12.376,209,39258,14137,0.36010494676244331,39258,2776.9682393718613
807,동기모드_10G_NIC,2026-05-14 15:27:13.377,210,37611,14031,0.37305575496530269,37611,2680.5644644002568
808,동기모드_10G_NIC,2026-05-14 15:27:14.376,211,42051,13527,0.32168081615181565,42051,3108.6715457972941
809,동기모드_10G_NIC,2026-05-14 15:27:15.392,212,40784,14305,0.35075029423303256,40784,2851.0311080041943
810,동기모드_10G_NIC,2026-05-14 15:27:16.392,213,34498,14969,0.4339092121282393,34498,2304.6295677733983
811,동기모드_10G_NIC,2026-05-14 15:27:17.392,214,39206,13526,0.3449982145589961,39206,2898.5657252698506
812,동기모드_10G_NIC,2026-05-14 15:27:18.392,215,38205,13634,0.35686428477947912,38205,2802.185712190113
813,동기모드_10G_NIC,2026-05-14 15:27:19.392,216,44060,13628,0.30930549251021333,44060,3233.049603756971
814,동기모드_10G_NIC,2026-05-14 15:27:20.392,217,39729,14349,0.36117193989277352,39729,2768.7643738239599
815,동기모드_10G_NIC,2026-05-14 15:27:21.392,218,33575,15210,0.45301563663440059,33575,2207.4293228139381
816,동기모드_10G_NIC,2026-05-14 15:27:22.407,219,40352,13655,0.33839710547184776,40352,2955.1080190406442
817,동기모드_10G_NIC,2026-05-14 15:27:23.407,220,40665,14190,0.34894872740686095,40665,2865.7505285412262
818,동기모드_10G_NIC,2026-05-14 15:27:24.407,221,38016,13693,0.36019044612794615,38016,2776.309063024903
819,동기모드_10G_NIC,2026-05-14 15:27:25.407,222,44240,13700,0.30967450271247737,44240,3229.1970802919709
820,동기모드_10G_NIC,2026-05-14 15:27:26.408,223,42253,13948,0.33010673798310181,42253,3029.3232004588472
821,동기모드_10G_NIC,2026-05-14 15:27:27.408,224,42858,13742,0.32064025386158945,42858,3118.7600058215689
822,동기모드_10G_NIC,2026-05-14 15:27:28.407,225,39306,14092,0.35852032768534065,39306,2789.2421231904627
823,동기모드_10G_NIC,2026-05-14 15:27:29.423,226,39157,13549,0.34601731491176546,39157,2890.0287844121335
824,동기모드_10G_NIC,2026-05-14 15:27:30.423,227,39321,14011,0.35632359299102262,39321,2806.4377988723145
825,동기모드_10G_NIC,2026-05-14 15:27:31.423,228,38678,14366,0.37142561662960855,38678,2692.3291103995548
826,동기모드_10G_NIC,2026-05-14 15:27:32.423,229,41152,14078,0.3420975894245723,41152,2923.1424918312264
827,동기모드_10G_NIC,2026-05-14 15:27:33.423,230,43624,13475,0.3088896020539153,43624,3237.4025974025972
828,동기모드_10G_NIC,2026-05-14 15:27:34.423,231,40178,13928,0.34665737468266217,40178,2884.6927053417576
829,동기모드_10G_NIC,2026-05-14 15:27:35.423,232,41759,13528,0.32395411767523169,41759,3086.8568894145474
830,동기모드_10G_NIC,2026-05-14 15:27:36.423,233,36646,14600,0.39840637450199201,36646,2510
831,동기모드_10G_NIC,2026-05-14 15:27:37.423,234,43375,13811,0.31840922190201731,43375,3140.6125552096155
832,동기모드_10G_NIC,2026-05-14 15:27:38.439,235,41740,14063,0.33691902252036415,41740,2968.0722463201309
833,동기모드_10G_NIC,2026-05-14 15:27:39.439,236,42477,13897,0.32716528945076156,42477,3056.5589695617759
834,동기모드_10G_NIC,2026-05-14 15:27:40.439,237,41589,13871,0.33352569188968234,41589,2998.2697714656479
835,동기모드_10G_NIC,2026-05-14 15:27:41.439,238,42221,13896,0.3291253167854859,42221,3038.3563615428902
836,동기모드_10G_NIC,2026-05-14 15:27:42.439,239,40118,14132,0.35226083054987783,40118,2838.8055476931786
837,동기모드_10G_NIC,2026-05-14 15:27:43.439,240,43254,13972,0.32302214824062514,43254,3095.7629544803895
838,동기모드_10G_NIC,2026-05-14 15:27:44.439,241,42073,13962,0.33185178142751881,42073,3013.3934966337201
839,동기모드_10G_NIC,2026-05-14 15:27:45.439,242,43733,13999,0.32010152516406376,43733,3124.0088577755555
840,동기모드_10G_NIC,2026-05-14 15:27:46.454,243,39682,13865,0.34940275187742553,39682,2862.0266858997475
841,동기모드_10G_NIC,2026-05-14 15:27:47.470,244,42372,13518,0.31903143585386579,42372,3134.4873501997336
842,동기모드_10G_NIC,2026-05-14 15:27:48.470,245,38553,14964,0.38814100070033458,38553,2576.3833199679229
843,동기모드_10G_NIC,2026-05-14 15:27:49.470,246,41809,14274,0.34140974431342536,41809,2929.0318060809864
844,동기모드_10G_NIC,2026-05-14 15:27:50.470,247,41653,14216,0.34129594506998295,41653,2930.008441193022
845,동기모드_10G_NIC,2026-05-14 15:27:51.470,248,40243,14187,0.35253335983897821,40243,2836.610981884824
846,동기모드_10G_NIC,2026-05-14 15:27:52.470,249,41042,13903,0.33875054821889772,41042,2952.0247428612529
847,동기모드_10G_NIC,2026-05-14 15:27:53.470,250,41276,13914,0.33709661788933037,41276,2966.5085525370127
848,동기모드_10G_NIC,2026-05-14 15:27:54.470,251,41985,14051,0.33466714302727163,41985,2988.0435556188172
849,동기모드_10G_NIC,2026-05-14 15:27:55.470,252,38189,14474,0.37900966246825002,38189,2638.4551609783061
850,동기모드_10G_NIC,2026-05-14 15:27:56.485,253,42662,13991,0.32794993202381512,42662,3049.2459438210276
851,동기모드_10G_NIC,2026-05-14 15:27:57.485,254,41628,13940,0.33487076006534061,41628,2986.22668579627
852,동기모드_10G_NIC,2026-05-14 15:27:58.485,255,41450,13805,0.33305186972255729,41450,3002.5353132922855
853,동기모드_10G_NIC,2026-05-14 15:27:59.485,256,38805,14309,0.36874114160546323,38805,2711.9295548256341
854,동기모드_10G_NIC,2026-05-14 15:28:00.486,257,41780,14066,0.33666826232647201,41780,2970.2829517986634
855,동기모드_10G_NIC,2026-05-14 15:28:01.485,258,44222,13849,0.31316991542671069,44222,3193.1547404144703
856,동기모드_10G_NIC,2026-05-14 15:28:02.486,259,39822,14040,0.35256893174627091,39822,2836.3247863247861
857,동기모드_10G_NIC,2026-05-14 15:28:03.501,260,39779,14008,0.35214560446466731,39779,2839.7344374643058
858,동기모드_10G_NIC,2026-05-14 15:28:04.501,261,40934,13749,0.33588215175648606,40934,2977.2347079787619
859,동기모드_10G_NIC,2026-05-14 15:28:05.501,262,41212,14119,0.34259438998349995,41212,2918.9036050711807
860,동기모드_10G_NIC,2026-05-14 15:28:06.501,263,40559,13897,0.34263665277743532,40559,2918.5435705547961
861,동기모드_10G_NIC,2026-05-14 15:28:07.501,264,41949,13785,0.32861331616963457,41949,3043.0903155603914
862,동기모드_10G_NIC,2026-05-14 15:28:08.501,265,33142,14880,0.44897712871884615,33142,2227.2849462365593
863,동기모드_10G_NIC,2026-05-14 15:28:09.501,266,36430,14224,0.39044743343398297,36430,2561.164229471316
864,동기모드_10G_NIC,2026-05-14 15:28:10.501,267,38852,13975,0.35969834242767423,38852,2780.1073345259392
865,동기모드_10G_NIC,2026-05-14 15:28:11.501,268,44241,13684,0.30930584751700912,44241,3233.0458930137384
866,동기모드_10G_NIC,2026-05-14 15:28:12.517,269,44252,13491,0.30486757660670705,44252,3280.1126677043953
867,동기모드_10G_NIC,2026-05-14 15:28:13.517,270,43316,13595,0.31385631175547141,43316,3186.1713865391689
868,동기모드_10G_NIC,2026-05-14 15:28:14.517,271,35098,14627,0.41674739301384695,35098,2399.535106310248
869,동기모드_10G_NIC,2026-05-14 15:28:15.517,272,40267,13684,0.33983162391039812,40267,2942.6337328266586
870,동기모드_10G_NIC,2026-05-14 15:28:16.532,273,38817,13759,0.35445809825591879,38817,2821.2079366233011
871,동기모드_10G_NIC,2026-05-14 15:28:17.532,274,43880,13746,0.31326344576116683,43880,3192.2013676705951
872,동기모드_10G_NIC,2026-05-14 15:28:18.533,275,41065,14508,0.35329355899184223,41065,2830.5073063137579
873,동기모드_10G_NIC,2026-05-14 15:28:19.532,276,42820,14195,0.33150397010742644,42820,3016.5551250440294
874,동기모드_10G_NIC,2026-05-14 15:28:20.532,277,37728,14444,0.38284563189143339,37728,2612.0188313486569
875,동기모드_10G_NIC,2026-05-14 15:28:21.532,278,40641,13812,0.33985384217908021,40641,2942.44135534318
876,동기모드_10G_NIC,2026-05-14 15:28:22.532,279,41595,13758,0.33076090876307246,41595,3023.331879633668
877,동기모드_10G_NIC,2026-05-14 15:28:23.532,280,44867,13543,0.30184768315242827,44867,3312.92918851067
878,동기모드_10G_NIC,2026-05-14 15:28:24.548,281,36270,14996,0.41345464571271023,36270,2418.6449719925313
879,동기모드_10G_NIC,2026-05-14 15:28:25.548,282,36585,14420,0.39415060817274838,36585,2537.1012482662968
880,동기모드_10G_NIC,2026-05-14 15:28:26.548,283,42945,13675,0.31843055070438936,42945,3140.4021937842776
881,동기모드_10G_NIC,2026-05-14 15:28:27.548,284,41558,14057,0.33825015640791184,41558,2956.3918332503376
882,동기모드_10G_NIC,2026-05-14 15:28:28.548,285,43442,14245,0.32790847566870768,43442,3049.6314496314499
883,동기모드_10G_NIC,2026-05-14 15:28:29.548,286,39688,14447,0.36401431163071962,39688,2747.1447359313352
884,동기모드_10G_NIC,2026-05-14 15:28:30.548,287,39818,14636,0.36757245466874278,39818,2720.5520634053019
885,동기모드_10G_NIC,2026-05-14 15:28:31.548,288,38094,14561,0.38223867275686457,38094,2616.1664720829617
886,동기모드_10G_NIC,2026-05-14 15:28:32.563,289,40005,13859,0.34643169603799523,40005,2886.5719027346854
887,동기모드_10G_NIC,2026-05-14 15:28:33.564,290,40756,13819,0.33906664049465107,40756,2949.272740429843
888,동기모드_10G_NIC,2026-05-14 15:28:34.579,291,40967,13912,0.3395904020309029,40967,2944.7239792984474
889,동기모드_10G_NIC,2026-05-14 15:28:35.579,292,27375,13084,0.47795433789954339,27375,2092.2500764292263
890,동기모드_10G_NIC,2026-05-14 15:28:36.579,293,44444,14105,0.31736567365673657,44444,3150.9393831974476
891,동기모드_10G_NIC,2026-05-14 15:28:37.579,294,42558,14061,0.33039616523332865,42558,3026.6695114145509
892,동기모드_10G_NIC,2026-05-14 15:28:38.579,295,41967,14298,0.34069626134820213,41967,2935.1657574485944
893,동기모드_10G_NIC,2026-05-14 15:28:39.579,296,40464,14347,0.35456207987346777,40464,2820.3805673659999
894,동기모드_10G_NIC,2026-05-14 15:28:40.595,297,39104,14621,0.37390036824877249,39104,2674.5092674919638
895,동기모드_10G_NIC,2026-05-14 15:28:41.595,298,38484,14222,0.36955617919135225,38484,2705.948530445788
896,동기모드_10G_NIC,2026-05-14 15:28:42.595,299,39481,14060,0.35612066563663536,39481,2808.0369843527737
897,동기모드_10G_NIC,2026-05-14 15:28:43.595,300,41771,14064,0.33669292092600128,41771,2970.0654152445964
898,비동기모드_10G_NIC,2026-05-14 15:39:19.858,1,0,0,0,0,
899,비동기모드_10G_NIC,2026-05-14 15:39:20.874,2,0,0,0,0,
900,비동기모드_10G_NIC,2026-05-14 15:39:21.874,3,0,0,0,0,
901,비동기모드_10G_NIC,2026-05-14 15:39:22.874,4,0,0,0,0,
902,비동기모드_10G_NIC,2026-05-14 15:39:23.874,5,0,0,0,0,
903,비동기모드_10G_NIC,2026-05-14 15:39:24.874,6,0,0,0,0,
904,비동기모드_10G_NIC,2026-05-14 15:39:25.874,7,0,0,0,0,
905,비동기모드_10G_NIC,2026-05-14 15:39:26.874,8,0,0,0,0,
906,비동기모드_10G_NIC,2026-05-14 15:39:27.890,9,0,0,0,0,
907,비동기모드_10G_NIC,2026-05-14 15:39:28.890,10,0,0,0,0,
908,비동기모드_10G_NIC,2026-05-14 15:39:29.905,11,0,0,0,0,
909,비동기모드_10G_NIC,2026-05-14 15:39:30.905,12,0,0,0,0,
910,비동기모드_10G_NIC,2026-05-14 15:39:31.905,13,0,0,0,0,
911,비동기모드_10G_NIC,2026-05-14 15:39:32.905,14,0,0,0,0,
912,비동기모드_10G_NIC,2026-05-14 15:39:33.905,15,0,0,0,0,
913,비동기모드_10G_NIC,2026-05-14 15:39:34.905,16,0,0,0,0,
914,비동기모드_10G_NIC,2026-05-14 15:39:35.921,17,0,0,0,0,
915,비동기모드_10G_NIC,2026-05-14 15:39:36.921,18,0,0,0,0,
916,비동기모드_10G_NIC,2026-05-14 15:39:37.921,19,0,0,0,0,
917,비동기모드_10G_NIC,2026-05-14 15:39:38.921,20,0,0,0,0,
918,비동기모드_10G_NIC,2026-05-14 15:39:39.921,21,0,0,0,0,
919,비동기모드_10G_NIC,2026-05-14 15:39:40.936,22,0,0,0,0,
920,비동기모드_10G_NIC,2026-05-14 15:39:41.936,23,0,0,0,0,
921,비동기모드_10G_NIC,2026-05-14 15:39:42.936,24,0,0,0,0,
922,비동기모드_10G_NIC,2026-05-14 15:39:43.936,25,0,0,0,0,
923,비동기모드_10G_NIC,2026-05-14 15:39:44.952,26,0,0,0,0,
924,비동기모드_10G_NIC,2026-05-14 15:39:45.952,27,0,0,0,0,
925,비동기모드_10G_NIC,2026-05-14 15:39:46.952,28,0,0,0,0,
926,비동기모드_10G_NIC,2026-05-14 15:39:47.952,29,0,0,0,0,
927,비동기모드_10G_NIC,2026-05-14 15:39:48.952,30,0,0,0,0,
928,비동기모드_10G_NIC,2026-05-14 15:39:49.968,31,0,0,0,0,
929,비동기모드_10G_NIC,2026-05-14 15:39:50.968,32,0,0,0,0,
930,비동기모드_10G_NIC,2026-05-14 15:39:51.968,33,0,0,0,0,
931,비동기모드_10G_NIC,2026-05-14 15:39:52.968,34,0,0,0,0,
932,비동기모드_10G_NIC,2026-05-14 15:39:53.968,35,0,0,0,0,
933,비동기모드_10G_NIC,2026-05-14 15:39:54.968,36,0,0,0,0,
934,비동기모드_10G_NIC,2026-05-14 15:39:55.968,37,0,0,0,0,
935,비동기모드_10G_NIC,2026-05-14 15:39:56.968,38,0,0,0,0,
936,비동기모드_10G_NIC,2026-05-14 15:39:57.983,39,0,0,0,0,
937,비동기모드_10G_NIC,2026-05-14 15:39:58.983,40,0,0,0,0,
938,비동기모드_10G_NIC,2026-05-14 15:39:59.983,41,0,0,0,0,
939,비동기모드_10G_NIC,2026-05-14 15:40:00.983,42,0,0,0,0,
940,비동기모드_10G_NIC,2026-05-14 15:40:01.983,43,0,0,0,0,
941,비동기모드_10G_NIC,2026-05-14 15:40:02.983,44,0,0,0,0,
942,비동기모드_10G_NIC,2026-05-14 15:40:03.999,45,0,0,0,0,
943,비동기모드_10G_NIC,2026-05-14 15:40:04.999,46,0,0,0,0,
944,비동기모드_10G_NIC,2026-05-14 15:40:05.999,47,0,0,0,0,
945,비동기모드_10G_NIC,2026-05-14 15:40:06.999,48,0,0,0,0,
946,비동기모드_10G_NIC,2026-05-14 15:40:07.999,49,0,0,0,0,
947,비동기모드_10G_NIC,2026-05-14 15:40:08.999,50,0,0,0,0,
948,비동기모드_10G_NIC,2026-05-14 15:40:10.015,52,0,0,0,0,
949,비동기모드_10G_NIC,2026-05-14 15:40:11.015,53,0,0,0,0,
950,비동기모드_10G_NIC,2026-05-14 15:40:12.015,54,0,0,0,0,
951,비동기모드_10G_NIC,2026-05-14 15:40:13.015,55,0,0,0,0,
952,비동기모드_10G_NIC,2026-05-14 15:40:14.014,56,0,0,0,0,
953,비동기모드_10G_NIC,2026-05-14 15:40:15.014,57,0,0,0,0,
954,비동기모드_10G_NIC,2026-05-14 15:40:16.014,58,0,0,0,0,
955,비동기모드_10G_NIC,2026-05-14 15:40:17.030,59,0,0,0,0,
956,비동기모드_10G_NIC,2026-05-14 15:40:18.061,60,0,0,0,0,
957,비동기모드_10G_NIC,2026-05-14 15:40:19.061,61,0,0,0,0,
958,비동기모드_10G_NIC,2026-05-14 15:40:20.061,62,0,0,0,0,
959,비동기모드_10G_NIC,2026-05-14 15:40:21.061,63,0,0,0,0,
960,비동기모드_10G_NIC,2026-05-14 15:40:22.077,64,0,0,0,0,
961,비동기모드_10G_NIC,2026-05-14 15:40:23.077,65,0,0,0,0,
962,비동기모드_10G_NIC,2026-05-14 15:40:24.077,66,0,0,0,0,
963,비동기모드_10G_NIC,2026-05-14 15:40:25.077,67,0,0,0,0,
964,비동기모드_10G_NIC,2026-05-14 15:40:26.077,68,0,0,0,0,
965,비동기모드_10G_NIC,2026-05-14 15:40:27.093,69,0,0,0,0,
966,비동기모드_10G_NIC,2026-05-14 15:40:28.093,70,0,0,0,0,
967,비동기모드_10G_NIC,2026-05-14 15:40:29.093,71,0,0,0,0,
968,비동기모드_10G_NIC,2026-05-14 15:40:30.093,72,0,0,0,0,
969,비동기모드_10G_NIC,2026-05-14 15:40:31.093,73,0,0,0,0,
970,비동기모드_10G_NIC,2026-05-14 15:40:32.093,74,0,0,0,0,
971,비동기모드_10G_NIC,2026-05-14 15:40:33.092,75,0,0,0,0,
972,비동기모드_10G_NIC,2026-05-14 15:40:34.092,76,0,0,0,0,
973,비동기모드_10G_NIC,2026-05-14 15:40:35.108,77,0,0,0,0,
974,비동기모드_10G_NIC,2026-05-14 15:40:36.108,78,0,0,0,0,
975,비동기모드_10G_NIC,2026-05-14 15:40:37.108,79,0,0,0,0,
976,비동기모드_10G_NIC,2026-05-14 15:40:38.108,80,0,0,0,0,
977,비동기모드_10G_NIC,2026-05-14 15:40:39.108,81,0,0,0,0,
978,비동기모드_10G_NIC,2026-05-14 15:40:40.108,82,0,0,0,0,
979,비동기모드_10G_NIC,2026-05-14 15:40:41.108,83,0,0,0,0,
980,비동기모드_10G_NIC,2026-05-14 15:40:42.124,84,0,0,0,0,
981,비동기모드_10G_NIC,2026-05-14 15:40:43.124,85,0,0,0,0,
982,비동기모드_10G_NIC,2026-05-14 15:40:44.124,86,0,0,0,0,
983,비동기모드_10G_NIC,2026-05-14 15:40:45.124,87,0,0,0,0,
984,비동기모드_10G_NIC,2026-05-14 15:40:46.124,88,0,0,0,0,
985,비동기모드_10G_NIC,2026-05-14 15:40:47.124,89,0,0,0,0,
986,비동기모드_10G_NIC,2026-05-14 15:40:48.124,90,0,0,0,0,
987,비동기모드_10G_NIC,2026-05-14 15:40:49.124,91,0,0,0,0,
988,비동기모드_10G_NIC,2026-05-14 15:40:50.124,92,0,0,0,0,
989,비동기모드_10G_NIC,2026-05-14 15:40:51.140,93,0,0,0,0,
990,비동기모드_10G_NIC,2026-05-14 15:40:52.139,94,0,0,0,0,
991,비동기모드_10G_NIC,2026-05-14 15:40:53.139,95,0,0,0,0,
992,비동기모드_10G_NIC,2026-05-14 15:40:54.139,96,0,0,0,0,
993,비동기모드_10G_NIC,2026-05-14 15:40:55.140,97,0,0,0,0,
994,비동기모드_10G_NIC,2026-05-14 15:40:56.155,98,0,0,0,0,
995,비동기모드_10G_NIC,2026-05-14 15:40:57.155,99,0,0,0,0,
996,비동기모드_10G_NIC,2026-05-14 15:40:58.155,100,0,0,0,0,
997,비동기모드_10G_NIC,2026-05-14 15:40:59.155,101,0,0,0,0,
998,비동기모드_10G_NIC,2026-05-14 15:41:00.155,102,0,0,0,0,
999,비동기모드_10G_NIC,2026-05-14 15:41:01.155,103,0,0,0,0,
1000,비동기모드_10G_NIC,2026-05-14 15:41:02.155,104,0,0,0,0,
1001,비동기모드_10G_NIC,2026-05-14 15:41:03.155,105,0,0,0,0,
1002,비동기모드_10G_NIC,2026-05-14 15:41:04.171,106,0,0,0,0,
1003,비동기모드_10G_NIC,2026-05-14 15:41:05.171,107,0,0,0,0,
1004,비동기모드_10G_NIC,2026-05-14 15:41:06.171,108,0,0,0,0,
1005,비동기모드_10G_NIC,2026-05-14 15:41:07.171,109,0,0,0,0,
1006,비동기모드_10G_NIC,2026-05-14 15:41:08.170,110,0,0,0,0,
1007,비동기모드_10G_NIC,2026-05-14 15:41:09.170,111,0,0,0,0,
1008,비동기모드_10G_NIC,2026-05-14 15:41:10.170,112,0,0,0,0,
1009,비동기모드_10G_NIC,2026-05-14 15:41:11.186,113,0,0,0,0,
1010,비동기모드_10G_NIC,2026-05-14 15:41:12.186,114,0,0,0,0,
1011,비동기모드_10G_NIC,2026-05-14 15:41:13.186,115,0,0,0,0,
1012,비동기모드_10G_NIC,2026-05-14 15:41:14.186,116,0,0,0,0,
1013,비동기모드_10G_NIC,2026-05-14 15:41:15.186,117,0,0,0,0,
1014,비동기모드_10G_NIC,2026-05-14 15:41:16.186,118,0,0,0,0,
1015,비동기모드_10G_NIC,2026-05-14 15:41:17.186,119,0,0,0,0,
1016,비동기모드_10G_NIC,2026-05-14 15:41:18.186,120,0,0,0,0,
1017,비동기모드_10G_NIC,2026-05-14 15:41:19.202,121,0,0,0,0,
1018,비동기모드_10G_NIC,2026-05-14 15:41:20.202,122,0,0,0,0,
1019,비동기모드_10G_NIC,2026-05-14 15:41:21.202,123,0,0,0,0,
1020,비동기모드_10G_NIC,2026-05-14 15:41:22.202,124,0,0,0,0,
1021,비동기모드_10G_NIC,2026-05-14 15:41:23.202,125,0,0,0,0,
1022,비동기모드_10G_NIC,2026-05-14 15:41:24.202,126,0,0,0,0,
1023,비동기모드_10G_NIC,2026-05-14 15:41:25.202,127,0,0,0,0,
1024,비동기모드_10G_NIC,2026-05-14 15:41:26.202,128,0,0,0,0,
1025,비동기모드_10G_NIC,2026-05-14 15:41:27.217,129,0,0,0,0,
1026,비동기모드_10G_NIC,2026-05-14 15:41:28.217,130,0,0,0,0,
1027,비동기모드_10G_NIC,2026-05-14 15:41:29.217,131,0,0,0,0,
1028,비동기모드_10G_NIC,2026-05-14 15:41:30.217,132,0,0,0,0,
1029,비동기모드_10G_NIC,2026-05-14 15:41:31.217,133,0,0,0,0,
1030,비동기모드_10G_NIC,2026-05-14 15:41:32.217,134,0,0,0,0,
1031,비동기모드_10G_NIC,2026-05-14 15:41:33.218,135,0,0,0,0,
1032,비동기모드_10G_NIC,2026-05-14 15:41:34.218,136,0,0,0,0,
1033,비동기모드_10G_NIC,2026-05-14 15:41:35.217,137,0,0,0,0,
1034,비동기모드_10G_NIC,2026-05-14 15:41:36.233,138,0,0,0,0,
1035,비동기모드_10G_NIC,2026-05-14 15:41:37.233,139,0,0,0,0,
1036,비동기모드_10G_NIC,2026-05-14 15:41:38.233,140,0,0,0,0,
1037,비동기모드_10G_NIC,2026-05-14 15:41:39.249,141,0,0,0,0,
1038,비동기모드_10G_NIC,2026-05-14 15:41:40.249,142,0,0,0,0,
1039,비동기모드_10G_NIC,2026-05-14 15:41:41.249,143,0,0,0,0,
1040,비동기모드_10G_NIC,2026-05-14 15:41:42.249,144,0,0,0,0,
1041,비동기모드_10G_NIC,2026-05-14 15:41:43.249,145,0,0,0,0,
1042,비동기모드_10G_NIC,2026-05-14 15:41:44.249,146,0,0,0,0,
1043,비동기모드_10G_NIC,2026-05-14 15:41:45.249,147,0,0,0,0,
1044,비동기모드_10G_NIC,2026-05-14 15:41:46.264,148,0,0,0,0,
1045,비동기모드_10G_NIC,2026-05-14 15:41:47.264,149,0,0,0,0,
1046,비동기모드_10G_NIC,2026-05-14 15:41:48.264,150,0,0,0,0,
1047,비동기모드_10G_NIC,2026-05-14 15:41:49.280,151,0,0,0,0,
1048,비동기모드_10G_NIC,2026-05-14 15:41:50.280,152,0,0,0,0,
1049,비동기모드_10G_NIC,2026-05-14 15:41:51.280,153,0,0,0,0,
1050,비동기모드_10G_NIC,2026-05-14 15:41:52.280,154,0,0,0,0,
1051,비동기모드_10G_NIC,2026-05-14 15:41:53.280,155,0,0,0,0,
1052,비동기모드_10G_NIC,2026-05-14 15:41:54.280,156,0,0,0,0,
1053,비동기모드_10G_NIC,2026-05-14 15:41:55.280,157,0,0,0,0,
1054,비동기모드_10G_NIC,2026-05-14 15:41:56.280,158,0,0,0,0,
1055,비동기모드_10G_NIC,2026-05-14 15:41:57.295,159,0,0,0,0,
1056,비동기모드_10G_NIC,2026-05-14 15:41:58.295,160,0,0,0,0,
1057,비동기모드_10G_NIC,2026-05-14 15:41:59.295,161,0,0,0,0,
1058,비동기모드_10G_NIC,2026-05-14 15:42:00.295,162,0,0,0,0,
1059,비동기모드_10G_NIC,2026-05-14 15:42:01.295,163,0,0,0,0,
1060,비동기모드_10G_NIC,2026-05-14 15:42:02.311,164,0,0,0,0,
1061,비동기모드_10G_NIC,2026-05-14 15:42:03.311,165,0,0,0,0,
1062,비동기모드_10G_NIC,2026-05-14 15:42:04.311,166,0,0,0,0,
1063,비동기모드_10G_NIC,2026-05-14 15:42:05.311,167,0,0,0,0,
1064,비동기모드_10G_NIC,2026-05-14 15:42:06.311,168,0,0,0,0,
1065,비동기모드_10G_NIC,2026-05-14 15:42:07.327,169,0,0,0,0,
1066,비동기모드_10G_NIC,2026-05-14 15:42:08.327,170,0,0,0,0,
1067,비동기모드_10G_NIC,2026-05-14 15:42:09.327,171,0,0,0,0,
1068,비동기모드_10G_NIC,2026-05-14 15:42:10.327,172,0,0,0,0,
1069,비동기모드_10G_NIC,2026-05-14 15:42:11.327,173,0,0,0,0,
1070,비동기모드_10G_NIC,2026-05-14 15:42:12.342,174,0,0,0,0,
1071,비동기모드_10G_NIC,2026-05-14 15:42:13.343,175,0,0,0,0,
1072,비동기모드_10G_NIC,2026-05-14 15:42:14.342,176,0,0,0,0,
1073,비동기모드_10G_NIC,2026-05-14 15:42:15.342,177,0,0,0,0,
1074,비동기모드_10G_NIC,2026-05-14 15:42:16.342,178,0,0,0,0,
1075,비동기모드_10G_NIC,2026-05-14 15:42:17.342,179,0,0,0,0,
1076,비동기모드_10G_NIC,2026-05-14 15:42:18.342,180,0,0,0,0,
1077,비동기모드_10G_NIC,2026-05-14 15:42:19.342,181,0,0,0,0,
1078,비동기모드_10G_NIC,2026-05-14 15:42:20.358,182,0,0,0,0,
1079,비동기모드_10G_NIC,2026-05-14 15:42:21.358,183,0,0,0,0,
1080,비동기모드_10G_NIC,2026-05-14 15:42:22.358,184,0,0,0,0,
1081,비동기모드_10G_NIC,2026-05-14 15:42:23.358,185,0,0,0,0,
1082,비동기모드_10G_NIC,2026-05-14 15:42:24.358,186,0,0,0,0,
1083,비동기모드_10G_NIC,2026-05-14 15:42:25.358,187,0,0,0,0,
1084,비동기모드_10G_NIC,2026-05-14 15:42:26.358,188,0,0,0,0,
1085,비동기모드_10G_NIC,2026-05-14 15:42:27.358,189,0,0,0,0,
1086,비동기모드_10G_NIC,2026-05-14 15:42:28.358,190,0,0,0,0,
1087,비동기모드_10G_NIC,2026-05-14 15:42:29.374,191,0,0,0,0,
1088,비동기모드_10G_NIC,2026-05-14 15:42:30.373,192,0,0,0,0,
1089,비동기모드_10G_NIC,2026-05-14 15:42:31.373,193,0,0,0,0,
1090,비동기모드_10G_NIC,2026-05-14 15:42:32.389,194,0,0,0,0,
1091,비동기모드_10G_NIC,2026-05-14 15:42:33.405,195,0,0,0,0,
1092,비동기모드_10G_NIC,2026-05-14 15:42:34.420,196,0,0,0,0,
1093,비동기모드_10G_NIC,2026-05-14 15:42:35.436,197,0,0,0,0,
1094,비동기모드_10G_NIC,2026-05-14 15:42:36.452,198,0,0,0,0,
1095,비동기모드_10G_NIC,2026-05-14 15:42:37.452,199,0,0,0,0,
1096,비동기모드_10G_NIC,2026-05-14 15:42:38.468,200,0,0,0,0,
1097,비동기모드_10G_NIC,2026-05-14 15:42:39.483,201,0,0,0,0,
1098,비동기모드_10G_NIC,2026-05-14 15:42:40.498,202,0,0,0,0,
1099,비동기모드_10G_NIC,2026-05-14 15:42:41.514,203,0,0,0,0,
1100,비동기모드_10G_NIC,2026-05-14 15:42:42.530,204,0,0,0,0,
1101,비동기모드_10G_NIC,2026-05-14 15:42:43.545,205,0,0,0,0,
1102,비동기모드_10G_NIC,2026-05-14 15:42:44.561,206,0,0,0,0,
1103,비동기모드_10G_NIC,2026-05-14 15:42:45.577,207,0,0,0,0,
1104,비동기모드_10G_NIC,2026-05-14 15:42:46.592,208,0,0,0,0,
1105,비동기모드_10G_NIC,2026-05-14 15:42:47.608,209,0,0,0,0,
1106,비동기모드_10G_NIC,2026-05-14 15:42:48.623,210,0,0,0,0,
1107,비동기모드_10G_NIC,2026-05-14 15:42:49.639,211,0,0,0,0,
1108,비동기모드_10G_NIC,2026-05-14 15:42:50.655,212,0,0,0,0,
1109,비동기모드_10G_NIC,2026-05-14 15:42:51.670,213,0,0,0,0,
1110,비동기모드_10G_NIC,2026-05-14 15:42:52.686,214,0,0,0,0,
1111,비동기모드_10G_NIC,2026-05-14 15:42:53.702,215,0,0,0,0,
1112,비동기모드_10G_NIC,2026-05-14 15:42:54.717,216,0,0,0,0,
1113,비동기모드_10G_NIC,2026-05-14 15:42:55.733,217,0,0,0,0,
1114,비동기모드_10G_NIC,2026-05-14 15:42:56.748,218,0,0,0,0,
1115,비동기모드_10G_NIC,2026-05-14 15:42:57.764,219,0,0,0,0,
1116,비동기모드_10G_NIC,2026-05-14 15:42:58.780,220,0,0,0,0,
1117,비동기모드_10G_NIC,2026-05-14 15:42:59.795,221,0,0,0,0,
1118,비동기모드_10G_NIC,2026-05-14 15:43:00.811,222,0,0,0,0,
1119,비동기모드_10G_NIC,2026-05-14 15:43:01.827,223,0,0,0,0,
1120,비동기모드_10G_NIC,2026-05-14 15:43:02.842,224,0,0,0,0,
1121,비동기모드_10G_NIC,2026-05-14 15:43:03.858,225,0,0,0,0,
1122,비동기모드_10G_NIC,2026-05-14 15:43:04.873,226,0,0,0,0,
1123,비동기모드_10G_NIC,2026-05-14 15:43:05.889,227,0,0,0,0,
1124,비동기모드_10G_NIC,2026-05-14 15:43:06.905,228,0,0,0,0,
1125,비동기모드_10G_NIC,2026-05-14 15:43:07.920,229,0,0,0,0,
1126,비동기모드_10G_NIC,2026-05-14 15:43:08.936,230,0,0,0,0,
1127,비동기모드_10G_NIC,2026-05-14 15:43:09.952,231,0,0,0,0,
1128,비동기모드_10G_NIC,2026-05-14 15:43:10.967,232,0,0,0,0,
1129,비동기모드_10G_NIC,2026-05-14 15:43:11.967,233,0,0,0,0,
1130,비동기모드_10G_NIC,2026-05-14 15:43:12.983,234,0,0,0,0,
1131,비동기모드_10G_NIC,2026-05-14 15:43:13.998,235,0,0,0,0,
1132,비동기모드_10G_NIC,2026-05-14 15:43:15.014,237,0,0,0,0,
1133,비동기모드_10G_NIC,2026-05-14 15:43:16.030,238,0,0,0,0,
1134,비동기모드_10G_NIC,2026-05-14 15:43:17.045,239,0,0,0,0,
1135,비동기모드_10G_NIC,2026-05-14 15:43:18.061,240,0,0,0,0,
1136,비동기모드_10G_NIC,2026-05-14 15:43:19.076,241,0,0,0,0,
1137,비동기모드_10G_NIC,2026-05-14 15:43:20.092,242,0,0,0,0,
1138,비동기모드_10G_NIC,2026-05-14 15:43:21.092,243,0,0,0,0,
1139,비동기모드_10G_NIC,2026-05-14 15:43:22.108,244,0,0,0,0,
1140,비동기모드_10G_NIC,2026-05-14 15:43:23.123,245,0,0,0,0,
1141,비동기모드_10G_NIC,2026-05-14 15:43:24.139,246,0,0,0,0,
1142,비동기모드_10G_NIC,2026-05-14 15:43:25.155,247,0,0,0,0,
1143,비동기모드_10G_NIC,2026-05-14 15:43:26.170,248,0,0,0,0,
1144,비동기모드_10G_NIC,2026-05-14 15:43:27.186,249,0,0,0,0,
1145,비동기모드_10G_NIC,2026-05-14 15:43:28.201,250,0,0,0,0,
1146,비동기모드_10G_NIC,2026-05-14 15:43:29.217,251,0,0,0,0,
1147,비동기모드_10G_NIC,2026-05-14 15:43:30.233,252,0,0,0,0,
1148,비동기모드_10G_NIC,2026-05-14 15:43:31.248,253,0,0,0,0,
1149,비동기모드_10G_NIC,2026-05-14 15:43:32.264,254,0,0,0,0,
1150,비동기모드_10G_NIC,2026-05-14 15:43:33.280,255,0,0,0,0,
1151,비동기모드_10G_NIC,2026-05-14 15:43:34.295,256,0,0,0,0,
1152,비동기모드_10G_NIC,2026-05-14 15:43:35.311,257,0,0,0,0,
1153,비동기모드_10G_NIC,2026-05-14 15:43:36.326,258,0,0,0,0,
1154,비동기모드_10G_NIC,2026-05-14 15:43:37.342,259,0,0,0,0,
1155,비동기모드_10G_NIC,2026-05-14 15:43:38.358,260,0,0,0,0,
1156,비동기모드_10G_NIC,2026-05-14 15:43:39.373,261,0,0,0,0,
1157,비동기모드_10G_NIC,2026-05-14 15:43:40.389,262,0,0,0,0,
1158,비동기모드_10G_NIC,2026-05-14 15:43:41.404,263,0,0,0,0,
1159,비동기모드_10G_NIC,2026-05-14 15:43:42.420,264,0,0,0,0,
1160,비동기모드_10G_NIC,2026-05-14 15:43:43.436,265,0,0,0,0,
1161,비동기모드_10G_NIC,2026-05-14 15:43:44.451,266,0,0,0,0,
1162,비동기모드_10G_NIC,2026-05-14 15:43:45.467,267,0,0,0,0,
1163,비동기모드_10G_NIC,2026-05-14 15:43:46.483,268,0,0,0,0,
1164,비동기모드_10G_NIC,2026-05-14 15:43:47.498,269,0,0,0,0,
1165,비동기모드_10G_NIC,2026-05-14 15:43:48.514,270,0,0,0,0,
1166,비동기모드_10G_NIC,2026-05-14 15:43:49.529,271,0,0,0,0,
1167,비동기모드_10G_NIC,2026-05-14 15:43:50.545,272,0,0,0,0,
1168,비동기모드_10G_NIC,2026-05-14 15:43:51.561,273,0,0,0,0,
1169,비동기모드_10G_NIC,2026-05-14 15:43:52.577,274,0,0,0,0,
1170,비동기모드_10G_NIC,2026-05-14 15:43:53.592,275,0,0,0,0,
1171,비동기모드_10G_NIC,2026-05-14 15:43:54.608,276,0,0,0,0,
1172,비동기모드_10G_NIC,2026-05-14 15:43:55.624,277,0,0,0,0,
1173,비동기모드_10G_NIC,2026-05-14 15:43:56.639,278,0,0,0,0,
1174,비동기모드_10G_NIC,2026-05-14 15:43:57.655,279,0,0,0,0,
1175,비동기모드_10G_NIC,2026-05-14 15:43:58.670,280,0,0,0,0,
1176,비동기모드_10G_NIC,2026-05-14 15:43:59.686,281,0,0,0,0,
1177,비동기모드_10G_NIC,2026-05-14 15:44:00.701,282,0,0,0,0,
1178,비동기모드_10G_NIC,2026-05-14 15:44:01.717,283,0,0,0,0,
1179,비동기모드_10G_NIC,2026-05-14 15:44:02.733,284,0,0,0,0,
1180,비동기모드_10G_NIC,2026-05-14 15:44:03.748,285,0,0,0,0,
1181,비동기모드_10G_NIC,2026-05-14 15:44:04.764,286,0,0,0,0,
1182,비동기모드_10G_NIC,2026-05-14 15:44:05.779,287,0,0,0,0,
1183,비동기모드_10G_NIC,2026-05-14 15:44:06.795,288,0,0,0,0,
1184,비동기모드_10G_NIC,2026-05-14 15:44:07.811,289,0,0,0,0,
1185,비동기모드_10G_NIC,2026-05-14 15:44:08.826,290,0,0,0,0,
1186,비동기모드_10G_NIC,2026-05-14 15:44:09.842,291,0,0,0,0,
1187,비동기모드_10G_NIC,2026-05-14 15:44:10.858,292,0,0,0,0,
1188,비동기모드_10G_NIC,2026-05-14 15:44:11.873,293,0,0,0,0,
1189,비동기모드_10G_NIC,2026-05-14 15:44:12.889,294,0,0,0,0,
1190,비동기모드_10G_NIC,2026-05-14 15:44:13.905,295,0,0,0,0,
1191,비동기모드_10G_NIC,2026-05-14 15:44:14.920,296,0,0,0,0,
1192,비동기모드_10G_NIC,2026-05-14 15:44:15.936,297,0,0,0,0,
1193,비동기모드_10G_NIC,2026-05-14 15:44:16.952,298,0,0,0,0,
1194,비동기모드_10G_NIC,2026-05-14 15:44:17.967,299,0,0,0,0,
1195,비동기모드_10G_NIC,2026-05-14 15:44:18.983,300,0,0,0,0,
